student_id,level,class,score_English,score_Mathematics,score_Science,score_Mother_Tongue,score_Humanities,score_Art,avg_score,score_std,failing_subjects,days_absent_sem1,days_absent_sem2,total_absences,attendance_rate,chronic_absent,cca,has_cca,cca_hours_weekly,cca_leadership,discipline_incidents,teacher_concern_flag,risk_score,risk_tier
SGS0001,Sec 2,2E2,64.3,46.9,56.3,40.1,66.0,51.8,54.2,10.0,2,3,4,7,96.5,False,Badminton,True,4.5,False,0,1,47.9,Medium
SGS0002,Sec 4,4N1,78.8,66.7,64.5,64.9,81.2,84.3,73.4,9.0,0,4,2,6,97.0,False,Swimming,True,2.0,False,0,0,11.4,Low
SGS0003,Sec 3,3E1,60.4,72.0,58.3,52.8,56.8,55.0,59.2,6.8,0,14,3,17,91.5,False,Art Club,True,4.7,False,0,0,22.6,Low
SGS0004,Sec 3,3E1,54.3,55.1,72.3,44.6,61.7,67.9,59.3,10.1,1,2,3,5,97.5,False,Band,True,3.5,False,0,0,27.0,Low
SGS0005,Sec 1,1E1,63.0,78.2,57.5,65.9,53.5,76.6,65.8,10.0,0,7,6,13,93.5,False,Robotics Club,True,4.0,False,0,0,17.6,Low
SGS0006,Sec 1,1E1,100.0,100.0,98.9,74.6,85.3,89.7,91.4,10.3,0,2,3,5,97.5,False,Art Club,True,5.0,True,0,0,0.0,Low
SGS0007,Sec 1,1N2,66.4,61.5,56.8,81.7,67.3,57.0,65.1,9.3,0,5,2,7,96.5,False,Art Club,True,2.2,True,0,0,16.8,Low
SGS0008,Sec 4,4E1,67.4,66.5,72.7,61.8,44.7,48.7,60.3,11.2,2,4,6,10,95.0,False,Choir,True,3.0,False,1,0,39.8,Medium
SGS0009,Sec 3,3N2,67.8,63.1,57.4,71.9,46.1,65.6,62.0,9.2,1,2,0,2,99.0,False,Basketball,True,4.7,False,0,0,24.6,Low
SGS0010,Sec 3,3N2,56.7,74.3,63.6,65.5,51.8,58.7,61.8,7.9,0,2,1,3,98.5,False,Drama,True,7.1,False,0,0,18.0,Low
SGS0011,Sec 1,1E1,65.2,68.8,65.5,67.2,65.0,80.3,68.7,5.9,0,7,7,14,93.0,False,Choir,True,3.8,False,1,0,21.6,Low
SGS0012,Sec 4,4E1,52.3,47.8,55.9,76.9,42.4,49.8,54.2,12.0,3,6,5,11,94.5,False,Art Club,True,4.9,False,0,1,55.6,Medium
SGS0013,Sec 4,4E2,61.0,50.9,65.3,65.9,65.8,71.8,63.4,7.0,0,3,3,6,97.0,False,Art Club,True,3.8,True,0,0,17.7,Low
SGS0014,Sec 1,1N1,56.9,58.6,50.5,74.0,60.1,70.4,61.8,8.8,0,2,5,7,96.5,False,Choir,True,6.9,False,1,0,24.4,Low
SGS0015,Sec 1,1E1,72.2,62.3,75.6,80.5,63.3,66.5,70.1,7.3,0,1,4,5,97.5,False,Choir,True,1.4,False,0,0,13.3,Low
SGS0016,Sec 1,1E2,64.3,85.7,61.9,69.5,56.5,70.5,68.1,10.0,0,2,9,11,94.5,False,Band,True,4.1,False,0,0,15.8,Low
SGS0017,Sec 2,2E2,76.8,89.0,70.3,78.5,80.2,75.8,78.4,6.2,0,6,3,9,95.5,False,Art Club,True,1.6,False,0,0,8.9,Low
SGS0018,Sec 2,2N1,56.3,48.5,50.3,64.8,73.9,51.3,57.5,9.9,1,3,2,5,97.5,False,Choir,True,1.0,False,0,0,28.1,Low
SGS0019,Sec 2,2N2,59.8,53.7,36.6,49.1,54.4,66.8,53.4,10.2,2,4,5,9,95.5,False,Swimming,True,4.4,False,0,1,48.8,Medium
SGS0020,Sec 2,2E1,33.3,55.9,54.6,55.4,47.4,72.0,53.1,12.6,2,3,6,9,95.5,False,Swimming,True,4.2,False,1,1,54.5,Medium
SGS0021,Sec 3,3N1,66.7,73.4,84.9,69.8,62.7,60.3,69.6,8.8,0,6,8,14,93.0,False,Drama,True,3.6,False,0,0,15.5,Low
SGS0022,Sec 1,1E1,67.6,66.5,75.2,80.9,60.8,52.0,67.2,10.2,0,1,1,2,99.0,False,Band,True,3.8,False,0,0,14.5,Low
SGS0023,Sec 2,2E2,77.2,62.5,70.2,61.5,66.0,62.8,66.7,6.0,0,5,2,7,96.5,False,Debate,True,8.6,False,1,0,21.4,Low
SGS0024,Sec 2,2E2,24.8,55.0,54.3,60.6,61.4,38.5,49.1,14.5,2,7,3,10,95.0,False,Art Club,True,3.6,False,0,1,51.7,Medium
SGS0025,Sec 2,2N2,89.0,63.6,71.5,71.1,49.2,83.5,71.3,14.2,1,5,1,6,97.0,False,Art Club,True,4.8,False,0,0,19.7,Low
SGS0026,Sec 3,3E2,70.6,79.8,80.7,72.3,85.4,82.1,78.5,5.8,0,1,0,1,99.5,False,Environmental Club,True,3.0,True,0,0,7.2,Low
SGS0027,Sec 1,1E2,75.5,59.2,55.8,69.5,65.4,61.9,64.6,7.2,0,3,6,9,95.5,False,Band,True,4.4,False,0,0,17.5,Low
SGS0028,Sec 2,2N1,65.8,72.9,90.5,79.9,72.3,64.5,74.3,9.7,0,3,5,8,96.0,False,Basketball,True,3.6,False,0,0,11.3,Low
SGS0029,Sec 3,3E1,61.1,68.4,65.3,61.9,54.3,49.1,60.0,7.1,1,1,3,4,98.0,False,Drama,True,3.4,False,0,0,26.3,Low
SGS0030,Sec 1,1E1,40.6,45.3,61.6,67.1,51.0,47.3,52.2,10.2,3,0,4,4,98.0,False,Debate,True,6.7,False,2,1,66.5,High
SGS0031,Sec 3,3N1,40.7,34.3,54.5,56.3,29.8,50.5,44.4,11.0,3,2,10,12,94.0,False,Art Club,True,5.8,False,2,1,73.1,High
SGS0032,Sec 1,1N2,92.2,75.9,76.5,77.7,88.3,76.4,81.2,7.2,0,5,5,10,95.0,False,Badminton,True,4.2,False,1,0,12.9,Low
SGS0033,Sec 1,1E1,64.5,64.6,76.3,86.5,67.0,82.3,73.5,9.6,0,4,2,6,97.0,False,Band,True,1.0,False,1,0,16.9,Low
SGS0034,Sec 4,4E2,62.9,67.6,69.8,73.3,65.4,56.3,65.9,5.9,0,2,2,4,98.0,False,Art Club,True,3.5,False,0,0,15.7,Low
SGS0035,Sec 4,4E1,72.1,68.4,63.0,64.0,73.1,50.8,65.2,8.2,0,0,1,1,99.5,False,Art Club,True,8.1,False,0,0,15.5,Low
SGS0036,Sec 4,4E2,57.1,53.6,49.6,41.5,42.2,43.1,47.8,6.6,4,7,8,15,92.5,False,Band,True,3.7,False,1,1,72.9,High
SGS0037,Sec 2,2N2,82.2,81.9,84.9,72.3,85.7,83.0,81.7,4.8,0,3,2,5,97.5,False,Robotics Club,True,5.7,True,0,0,6.1,Low
SGS0038,Sec 1,1N1,65.8,56.6,80.9,73.0,59.7,57.4,65.6,9.7,0,7,8,15,92.5,False,Basketball,True,6.2,False,1,0,23.7,Low
SGS0039,Sec 3,3E1,86.1,64.7,52.8,57.2,70.7,61.6,65.5,11.8,0,5,3,8,96.0,False,Swimming,True,4.3,False,0,0,16.8,Low
SGS0040,Sec 2,2N1,66.4,77.6,55.5,58.4,45.9,64.9,61.4,10.8,1,3,2,5,97.5,False,Choir,True,2.7,True,0,0,25.6,Low
SGS0041,Sec 1,1E1,67.0,57.1,69.8,58.9,64.2,77.4,65.7,7.5,0,8,6,14,93.0,False,Drama,True,1.0,False,0,0,17.9,Low
SGS0042,Sec 2,2E2,73.4,64.7,66.6,57.6,57.1,59.6,63.2,6.3,0,7,9,16,92.0,False,Art Club,True,5.0,False,1,0,25.4,Low
SGS0043,Sec 1,1N1,65.9,67.0,59.7,64.8,59.4,53.5,61.7,5.1,0,2,5,7,96.5,False,Robotics Club,True,2.8,False,0,0,18.9,Low
SGS0044,Sec 4,4E1,76.8,71.8,70.5,64.9,69.9,74.6,71.4,4.1,0,2,3,5,97.5,False,Band,True,4.3,False,0,0,12.5,Low
SGS0045,Sec 1,1E2,82.6,91.1,77.2,64.0,69.4,73.0,76.2,9.7,0,4,7,11,94.5,False,Drama,True,2.1,False,0,0,10.7,Low
SGS0046,Sec 3,3N1,60.5,68.0,90.0,73.7,65.0,78.6,72.6,10.6,0,7,8,15,92.5,False,Basketball,True,3.6,False,0,0,13.8,Low
SGS0047,Sec 2,2N1,90.2,57.4,61.1,77.6,73.0,79.7,73.2,12.2,0,5,4,9,95.5,False,Student Council,True,4.1,False,1,0,17.7,Low
SGS0048,Sec 2,2E1,45.6,60.9,52.0,53.8,48.3,61.0,53.6,6.4,2,3,1,4,98.0,False,Swimming,True,4.4,False,0,1,47.6,Medium
SGS0049,Sec 2,2E1,56.3,58.7,55.4,66.3,61.9,44.4,57.2,7.4,1,8,7,15,92.5,False,Choir,True,2.3,False,0,0,30.3,Medium
SGS0050,Sec 1,1E1,52.6,75.6,46.9,57.4,56.7,74.9,60.7,11.9,1,8,10,18,91.0,False,Choir,True,5.8,False,0,0,28.8,Low
SGS0051,Sec 4,4E2,60.9,75.3,63.0,74.2,32.8,86.3,65.4,18.4,1,4,9,13,93.5,False,Environmental Club,True,3.1,False,0,0,24.8,Low
SGS0052,Sec 3,3E1,73.2,77.1,89.7,77.4,66.4,72.5,76.0,7.8,0,4,8,12,94.0,False,Debate,True,1.5,True,0,0,11.1,Low
SGS0053,Sec 4,4N1,50.8,57.1,51.0,58.4,37.5,39.6,49.1,8.7,2,0,1,1,99.5,False,Environmental Club,True,3.8,False,0,1,49.8,Medium
SGS0054,Sec 4,4N1,77.6,73.3,78.9,63.9,57.3,76.2,71.2,8.7,0,0,0,0,100.0,False,Debate,True,4.1,False,0,0,11.6,Low
SGS0055,Sec 3,3E1,76.0,49.5,50.5,62.4,47.7,72.3,59.7,12.4,2,4,1,5,97.5,False,Basketball,True,4.2,False,1,0,39.2,Medium
SGS0056,Sec 4,4E1,62.3,60.7,54.8,58.7,59.1,54.1,58.3,3.2,0,10,3,13,93.5,False,Robotics Club,True,6.0,False,0,0,22.3,Low
SGS0057,Sec 1,1N2,50.6,64.7,52.5,40.3,66.6,54.2,54.8,9.7,1,3,3,6,97.0,False,Art Club,True,3.6,False,1,1,45.9,Medium
SGS0058,Sec 1,1N1,57.5,56.3,47.9,60.5,51.3,53.8,54.6,4.5,1,4,5,9,95.5,False,Art Club,True,3.8,False,0,1,41.1,Medium
SGS0059,Sec 1,1E2,79.6,77.9,83.7,61.1,61.9,82.2,74.4,10.2,0,4,4,8,96.0,False,Debate,True,2.3,False,0,0,11.2,Low
SGS0060,Sec 2,2N2,49.5,59.3,70.5,57.2,66.5,72.0,62.5,8.7,1,10,8,18,91.0,False,Basketball,True,5.2,False,0,0,27.7,Low
SGS0061,Sec 2,2E1,56.8,50.0,42.9,42.2,46.5,61.5,50.0,7.8,3,6,3,9,95.5,False,Choir,True,4.3,False,0,1,57.8,Medium
SGS0062,Sec 1,1E1,57.8,57.4,56.4,59.3,44.1,49.0,54.0,6.0,2,2,3,5,97.5,False,Robotics Club,True,3.4,False,0,1,47.6,Medium
SGS0063,Sec 4,4N1,55.5,54.8,66.6,44.7,47.2,65.0,55.6,8.9,2,7,3,10,95.0,False,Robotics Club,True,1.1,False,0,0,37.2,Medium
SGS0064,Sec 2,2E1,88.3,71.1,89.1,82.2,57.2,69.8,76.3,12.5,0,4,3,7,96.5,False,Art Club,True,6.2,False,0,0,9.8,Low
SGS0065,Sec 2,2E2,57.6,63.9,78.1,71.0,55.4,70.0,66.0,8.7,0,5,7,12,94.0,False,Art Club,True,2.2,False,0,0,17.3,Low
SGS0066,Sec 2,2N1,50.4,58.5,42.2,56.0,50.9,63.1,53.5,7.3,1,2,4,6,97.0,False,Swimming,True,3.1,False,0,1,41.2,Medium
SGS0067,Sec 1,1E1,57.4,59.0,54.3,67.8,58.4,67.2,60.7,5.5,0,2,7,9,95.5,False,Robotics Club,True,4.5,False,0,0,20.0,Low
SGS0068,Sec 4,4N1,59.1,49.1,49.6,68.1,55.0,57.8,56.4,7.0,2,3,3,6,97.0,False,Art Club,True,2.2,False,0,0,35.9,Medium
SGS0069,Sec 1,1E1,28.6,34.0,40.4,31.6,30.3,40.0,34.2,5.0,6,7,4,11,94.5,False,Student Council,True,1.8,False,2,1,100.0,High
SGS0070,Sec 4,4E1,46.3,64.6,68.6,76.6,67.0,81.3,67.4,12.1,1,4,4,8,96.0,False,Band,True,1.0,False,0,0,22.5,Low
SGS0071,Sec 3,3E1,75.2,63.0,72.4,56.2,46.4,58.3,61.9,10.7,1,7,3,10,95.0,False,Basketball,True,5.1,False,0,0,26.4,Low
SGS0072,Sec 1,1E2,58.2,70.9,69.1,67.6,74.7,79.7,70.0,7.2,0,0,1,1,99.5,False,Swimming,True,3.2,False,0,0,12.5,Low
SGS0073,Sec 1,1E2,66.0,83.0,75.9,74.1,66.2,81.8,74.5,7.3,0,4,4,8,96.0,False,Debate,True,8.4,False,1,0,16.7,Low
SGS0074,Sec 4,4N1,48.6,72.0,74.9,76.6,62.9,69.3,67.4,10.4,1,6,9,15,92.5,False,Choir,True,2.5,False,0,0,24.0,Low
SGS0075,Sec 3,3E1,52.6,63.5,53.8,55.1,44.6,48.0,52.9,6.5,2,1,2,3,98.5,False,Band,True,2.6,False,1,1,53.4,Medium
SGS0076,Sec 3,3E1,39.1,53.7,76.4,54.5,47.5,56.9,54.7,12.4,2,3,6,9,95.5,False,Badminton,True,3.2,True,0,1,48.0,Medium
SGS0077,Sec 3,3E2,98.1,95.0,68.8,70.9,91.7,85.1,84.9,12.5,0,3,3,6,97.0,False,Debate,True,4.4,True,2,1,25.7,Low
SGS0078,Sec 1,1E1,71.7,77.8,66.7,74.8,67.0,82.2,73.4,6.1,0,3,5,8,96.0,False,Band,True,3.3,False,0,0,11.9,Low
SGS0079,Sec 2,2E2,54.4,51.2,84.7,69.5,71.3,55.1,64.4,13.0,0,1,0,1,99.5,False,Debate,True,4.9,False,0,0,16.0,Low
SGS0080,Sec 1,1E1,83.5,60.2,64.2,59.5,66.4,86.4,70.0,11.9,0,5,3,8,96.0,False,Student Council,True,2.5,False,0,0,14.0,Low
SGS0081,Sec 4,4N1,72.5,64.9,64.0,59.6,51.9,69.0,63.6,7.3,0,2,3,5,97.5,False,Student Council,True,1.9,False,0,0,17.3,Low
SGS0082,Sec 3,3E1,56.7,59.1,59.6,68.0,56.9,66.3,61.1,4.9,0,1,5,6,97.0,False,Robotics Club,True,1.3,False,0,0,19.1,Low
SGS0083,Sec 2,2E1,31.6,76.3,57.9,51.0,49.0,53.1,53.2,14.5,2,3,1,4,98.0,False,Swimming,True,1.0,False,0,1,47.9,Medium
SGS0084,Sec 1,1N2,79.7,60.8,73.7,59.5,70.3,62.4,67.7,8.1,0,8,4,12,94.0,False,Art Club,True,3.2,False,1,0,21.8,Low
SGS0085,Sec 2,2E2,47.0,54.6,42.0,74.0,49.2,68.1,55.8,12.6,3,5,6,11,94.5,False,Debate,True,3.5,False,0,0,44.2,Medium
SGS0086,Sec 2,2E1,40.3,64.6,75.3,50.2,66.0,68.7,60.8,13.0,1,4,4,8,96.0,False,Debate,True,3.1,False,0,0,26.6,Low
SGS0087,Sec 3,3E1,65.7,60.0,44.4,60.6,64.6,48.1,57.2,8.9,2,8,6,14,93.0,False,Basketball,True,5.9,False,0,0,37.1,Medium
SGS0088,Sec 3,3N2,86.4,66.8,62.5,66.7,80.5,78.6,73.6,9.5,0,1,3,4,98.0,False,Choir,True,5.8,False,0,0,10.9,Low
SGS0089,Sec 4,4N2,72.9,79.0,58.0,59.6,55.2,65.2,65.0,9.3,0,10,4,14,93.0,False,Basketball,True,3.5,True,0,0,18.3,Low
SGS0090,Sec 2,2E2,78.8,78.5,82.3,69.7,80.5,81.7,78.6,4.6,0,4,6,10,95.0,False,Art Club,True,1.3,False,0,0,9.0,Low
SGS0091,Sec 1,1N2,45.9,38.7,27.1,53.6,63.0,40.2,44.8,12.5,4,1,3,4,98.0,False,Drama,True,3.1,False,0,1,67.0,High
SGS0092,Sec 3,3N1,78.4,52.1,77.7,65.4,63.9,63.1,66.8,9.9,0,3,3,6,97.0,False,Swimming,True,3.1,False,0,0,15.6,Low
SGS0093,Sec 3,3N2,78.7,71.3,94.5,54.5,56.0,74.3,71.6,15.0,0,1,8,9,95.5,False,Art Club,True,3.0,False,0,0,13.2,Low
SGS0094,Sec 3,3N1,47.4,59.4,34.1,52.5,26.0,48.9,44.7,12.4,4,9,5,14,93.0,False,Band,True,3.0,False,0,1,69.1,High
SGS0095,Sec 3,3E2,59.4,59.3,63.5,47.9,65.8,47.0,57.2,7.9,2,6,5,11,94.5,False,Debate,True,3.0,False,0,0,36.4,Medium
SGS0096,Sec 2,2E2,57.5,37.6,54.7,66.6,39.6,68.6,54.1,13.1,2,3,2,5,97.5,False,Drama,True,3.4,False,1,1,53.1,Medium
SGS0097,Sec 2,2E2,42.3,46.7,57.3,64.7,46.4,62.3,53.3,9.4,3,2,3,5,97.5,False,Drama,True,3.0,False,1,1,60.5,High
SGS0098,Sec 2,2E2,52.1,66.7,58.3,62.7,59.5,50.1,58.2,6.3,0,5,2,7,96.5,False,Band,True,4.3,False,0,0,21.1,Low
SGS0099,Sec 1,1E2,35.3,59.5,49.0,64.5,54.3,44.5,51.2,10.6,3,6,9,15,92.5,False,Swimming,True,4.5,True,1,1,63.9,High
SGS0100,Sec 1,1N1,74.2,68.6,83.2,96.9,79.7,74.6,79.5,9.9,0,5,6,11,94.5,False,Badminton,True,2.6,False,0,0,8.7,Low
SGS0101,Sec 1,1N1,58.7,64.8,89.9,79.8,71.1,71.4,72.6,11.0,0,7,5,12,94.0,False,Badminton,True,5.9,True,1,0,18.7,Low
SGS0102,Sec 3,3E2,60.3,69.0,72.6,76.1,84.3,71.2,72.2,7.9,0,0,0,0,100.0,False,Badminton,True,2.5,False,1,0,16.5,Low
SGS0103,Sec 2,2N2,68.7,62.1,77.3,84.8,57.6,68.8,69.9,9.9,0,0,0,0,100.0,False,Basketball,True,1.6,False,1,0,17.9,Low
SGS0104,Sec 2,2E1,66.0,33.6,42.4,71.2,45.6,56.8,52.6,14.5,3,2,6,8,96.0,False,Band,True,4.6,False,0,1,56.0,Medium
SGS0105,Sec 4,4E2,66.1,66.4,50.6,76.2,49.5,45.8,59.1,12.1,2,4,9,13,93.5,False,Swimming,True,2.8,False,1,0,41.2,Medium
SGS0106,Sec 1,1N2,49.4,79.4,73.0,61.7,73.6,55.0,65.4,11.8,1,3,1,4,98.0,False,Choir,True,4.5,False,1,0,28.5,Low
SGS0107,Sec 2,2E1,41.5,38.0,69.4,39.3,60.6,26.6,45.9,15.9,4,0,0,0,100.0,False,Art Club,True,1.0,False,1,1,71.0,High
SGS0108,Sec 3,3E2,76.3,81.1,73.6,62.8,71.6,78.8,74.0,6.5,0,6,6,12,94.0,False,Robotics Club,True,6.1,False,0,0,12.3,Low
SGS0109,Sec 1,1E2,49.4,60.0,59.3,67.8,71.3,61.9,61.6,7.6,1,5,5,10,95.0,False,Basketball,True,5.0,False,0,0,26.6,Low
SGS0110,Sec 1,1N1,55.9,72.2,61.3,61.3,46.6,71.1,61.4,9.6,1,1,0,1,99.5,False,Environmental Club,True,1.7,False,1,0,30.4,Medium
SGS0111,Sec 2,2E1,72.3,69.0,57.5,66.3,83.7,57.9,67.8,9.8,0,1,1,2,99.0,False,Robotics Club,True,1.8,False,0,0,14.1,Low
SGS0112,Sec 1,1E1,55.0,67.9,73.9,71.8,80.2,67.4,69.4,8.4,0,1,2,3,98.5,False,Basketball,True,6.5,False,0,0,13.3,Low
SGS0113,Sec 4,4N2,59.3,63.8,70.3,45.1,65.8,62.9,61.2,8.7,1,4,3,7,96.5,False,Student Council,True,2.9,False,1,0,31.7,Medium
SGS0114,Sec 4,4N1,57.1,64.3,69.1,73.3,88.5,67.3,69.9,10.6,0,1,0,1,99.5,False,Art Club,True,2.7,False,0,0,12.6,Low
SGS0115,Sec 3,3N1,46.5,66.3,51.0,65.2,36.2,39.5,50.8,12.7,3,1,6,7,96.5,False,Badminton,True,1.0,False,1,1,62.5,High
SGS0116,Sec 4,4N1,69.3,56.7,71.9,73.1,61.1,86.0,69.7,10.2,0,0,0,0,100.0,False,Band,True,3.5,False,0,0,12.5,Low
SGS0117,Sec 4,4N1,50.0,63.7,64.7,74.3,58.8,82.4,65.6,11.4,0,5,3,8,96.0,False,Drama,True,3.7,False,1,0,22.3,Low
SGS0118,Sec 1,1E1,63.1,65.7,61.2,76.2,66.1,57.3,64.9,6.4,0,1,2,3,98.5,False,Environmental Club,True,5.1,False,0,0,16.1,Low
SGS0119,Sec 4,4E1,63.6,60.5,87.9,64.6,53.5,71.3,66.9,11.8,0,3,7,10,95.0,False,Choir,True,1.9,False,0,0,16.3,Low
SGS0120,Sec 2,2E2,56.7,60.7,51.9,46.1,58.9,48.8,53.8,5.8,2,0,3,3,98.5,False,Debate,True,1.7,False,1,1,52.8,Medium
SGS0121,Sec 4,4E2,70.8,84.1,68.1,81.9,82.5,61.1,74.8,9.4,0,7,3,10,95.0,False,Art Club,True,4.7,False,1,0,16.9,Low
SGS0122,Sec 4,4N1,73.3,71.6,56.4,72.9,66.9,80.4,70.2,8.1,0,1,0,1,99.5,False,Band,True,5.5,False,0,0,12.4,Low
SGS0123,Sec 2,2N1,58.2,39.4,67.6,64.1,60.0,42.9,55.4,11.5,2,2,6,8,96.0,False,Environmental Club,True,1.6,True,1,0,42.5,Medium
SGS0124,Sec 1,1N1,65.2,72.6,70.9,69.4,59.9,69.2,67.9,4.6,0,3,12,15,92.5,False,Robotics Club,True,5.6,False,1,0,22.3,Low
SGS0125,Sec 1,1E2,56.7,67.6,52.2,57.0,47.3,58.8,56.6,6.8,1,10,7,17,91.5,False,Swimming,True,4.1,False,0,0,31.1,Medium
SGS0126,Sec 2,2N2,55.3,38.5,66.3,38.6,62.6,68.9,55.0,13.6,2,3,2,5,97.5,False,Band,True,5.6,False,0,0,36.6,Medium
SGS0127,Sec 4,4N2,49.2,57.7,66.1,61.3,56.7,60.1,58.5,5.6,1,1,8,9,95.5,False,Student Council,True,3.9,False,0,0,28.3,Low
SGS0128,Sec 4,4E2,66.4,74.5,63.2,78.3,65.8,51.8,66.7,9.3,0,0,0,0,100.0,False,Basketball,True,1.0,False,0,0,14.4,Low
SGS0129,Sec 1,1E2,43.9,40.6,35.4,39.3,47.0,53.4,43.3,6.4,5,0,0,0,100.0,False,Robotics Club,True,3.8,False,0,1,74.0,High
SGS0130,Sec 2,2E2,68.6,85.3,88.4,85.4,55.2,77.9,76.8,12.8,0,5,5,10,95.0,False,Badminton,True,5.6,True,1,0,15.7,Low
SGS0131,Sec 2,2E2,30.5,49.0,40.8,50.0,34.0,44.7,41.5,8.0,5,5,1,6,97.0,False,Badminton,True,2.7,False,1,1,81.9,High
SGS0132,Sec 1,1E2,92.2,83.0,85.8,66.0,94.1,83.4,84.1,10.0,0,8,6,14,93.0,False,Art Club,True,3.4,True,0,0,6.4,Low
SGS0133,Sec 1,1E2,50.4,55.0,46.3,52.3,50.3,51.2,50.9,2.9,1,1,0,1,99.5,False,Robotics Club,True,3.7,False,0,1,41.8,Medium
SGS0134,Sec 2,2N1,53.4,63.7,72.5,65.6,62.5,58.8,62.8,6.4,0,9,6,15,92.5,False,Swimming,True,1.0,False,0,0,19.9,Low
SGS0135,Sec 4,4N1,49.6,41.5,47.9,54.3,67.1,64.1,54.1,9.9,3,7,13,20,90.0,False,Art Club,True,6.5,False,1,1,63.1,High
SGS0136,Sec 2,2N1,73.3,43.4,74.8,84.1,52.0,73.6,66.9,15.6,1,6,4,10,95.0,False,Badminton,True,2.6,False,0,0,23.3,Low
SGS0137,Sec 2,2N1,57.9,64.1,64.2,71.9,62.9,64.8,64.3,4.5,0,4,7,11,94.5,False,Basketball,True,4.8,False,1,0,23.7,Low
SGS0138,Sec 3,3E2,82.4,82.8,63.6,76.2,79.6,69.6,75.7,7.7,0,7,1,8,96.0,False,Choir,True,3.9,True,1,0,16.0,Low
SGS0139,Sec 2,2N2,55.3,66.4,61.2,68.8,62.4,63.3,62.9,4.7,0,2,1,3,98.5,False,Student Council,True,5.9,False,0,0,17.4,Low
SGS0140,Sec 4,4E1,65.1,63.5,72.4,77.2,91.3,72.2,73.6,10.0,0,3,3,6,97.0,False,Basketball,True,4.6,False,1,0,16.9,Low
SGS0141,Sec 4,4E2,49.9,58.2,62.5,68.2,41.8,61.1,57.0,9.5,2,5,6,11,94.5,False,Badminton,True,3.6,False,0,0,36.6,Medium
SGS0142,Sec 1,1E1,82.1,53.1,69.7,67.2,71.5,52.8,66.1,11.4,0,7,7,14,93.0,False,Robotics Club,True,2.7,False,1,0,23.2,Low
SGS0143,Sec 2,2N2,51.7,63.2,86.6,55.3,62.1,53.8,62.1,12.8,0,2,1,3,98.5,False,Choir,True,5.2,False,0,0,17.9,Low
SGS0144,Sec 2,2N1,50.6,53.5,35.0,79.6,55.4,35.1,51.5,16.4,2,1,3,4,98.0,False,Drama,True,1.2,False,0,1,48.9,Medium
SGS0145,Sec 2,2N2,56.7,47.8,69.7,40.8,55.0,67.4,56.2,11.1,2,9,8,17,91.5,False,Band,True,5.0,False,1,0,43.9,Medium
SGS0146,Sec 1,1E2,71.2,76.4,71.3,65.5,60.0,77.7,70.4,6.7,0,5,7,12,94.0,False,Swimming,True,2.4,False,0,0,14.6,Low
SGS0147,Sec 3,3N1,60.7,66.3,56.7,47.5,65.0,63.9,60.0,7.0,1,5,9,14,93.0,False,Robotics Club,True,5.9,False,0,0,28.4,Low
SGS0148,Sec 2,2E2,58.4,64.7,49.6,66.6,41.3,57.6,56.4,9.5,2,7,7,14,93.0,False,Swimming,True,4.2,False,0,0,37.6,Medium
SGS0149,Sec 1,1N1,61.7,72.0,62.6,64.3,67.6,58.0,64.4,4.9,0,0,0,0,100.0,False,Environmental Club,True,5.0,True,0,0,15.8,Low
SGS0150,Sec 1,1E1,62.5,60.5,76.3,73.1,67.1,77.3,69.5,7.2,0,3,3,6,97.0,False,Student Council,True,4.1,False,0,0,13.9,Low
SGS0151,Sec 4,4E1,66.5,65.2,58.7,41.0,63.4,78.4,62.2,12.3,1,3,3,6,97.0,False,Environmental Club,True,1.4,False,0,0,25.4,Low
SGS0152,Sec 1,1E1,77.0,52.9,73.2,67.6,65.7,51.4,64.6,10.5,0,6,3,9,95.5,False,Band,True,2.7,False,0,0,17.5,Low
SGS0153,Sec 1,1N2,57.1,67.9,51.4,56.2,66.6,76.6,62.6,9.3,0,5,5,10,95.0,False,Choir,True,5.0,False,0,0,19.0,Low
SGS0154,Sec 2,2E2,39.6,48.7,56.4,53.3,55.0,56.1,51.5,6.5,2,0,1,1,99.5,False,Robotics Club,True,4.2,False,1,1,53.9,Medium
SGS0155,Sec 4,4N2,63.5,57.1,55.1,75.2,55.8,64.8,61.9,7.7,0,8,5,13,93.5,False,Art Club,True,5.8,False,0,0,20.1,Low
SGS0156,Sec 1,1E1,73.3,50.3,54.4,51.7,40.6,65.1,55.9,11.6,1,4,3,7,96.5,False,Student Council,True,4.6,False,0,0,29.5,Low
SGS0157,Sec 3,3E2,61.3,52.3,81.4,74.2,81.5,71.8,70.4,11.6,0,3,3,6,97.0,False,Student Council,True,2.5,False,0,0,13.3,Low
SGS0158,Sec 3,3E1,81.3,63.8,63.9,74.4,79.5,70.4,72.2,7.5,0,0,4,4,98.0,False,Basketball,True,2.8,False,1,0,17.3,Low
SGS0159,Sec 1,1N2,80.0,48.9,40.3,69.0,61.0,68.2,61.2,14.5,2,6,11,17,91.5,False,Swimming,True,4.2,False,0,0,35.2,Medium
SGS0160,Sec 3,3N2,63.5,78.6,74.2,67.1,69.7,55.2,68.0,8.2,0,8,4,12,94.0,False,Robotics Club,True,1.0,False,0,0,16.1,Low
SGS0161,Sec 2,2N2,80.2,86.8,82.0,74.3,65.7,79.8,78.1,7.3,0,5,4,9,95.5,False,Choir,True,6.5,False,0,0,9.1,Low
SGS0162,Sec 3,3E1,85.5,62.4,76.5,72.9,81.2,66.1,74.1,8.8,0,3,3,6,97.0,False,Band,True,4.7,False,0,0,11.0,Low
SGS0163,Sec 3,3E2,42.6,52.5,62.0,39.0,53.3,34.7,47.3,10.3,3,1,5,6,97.0,False,Art Club,True,5.8,False,0,1,58.9,Medium
SGS0164,Sec 2,2E2,48.9,61.7,43.4,62.4,70.6,48.2,55.9,10.6,3,6,5,11,94.5,False,Debate,True,1.6,True,0,0,44.2,Medium
SGS0165,Sec 1,1E1,50.3,67.0,66.1,60.5,47.6,53.4,57.5,8.2,1,2,2,4,98.0,False,Debate,True,5.9,False,0,0,27.9,Low
SGS0166,Sec 4,4E2,51.2,65.3,76.5,63.6,57.8,74.1,64.8,9.6,0,7,5,12,94.0,False,Band,True,7.3,False,0,0,18.0,Low
SGS0167,Sec 2,2E1,58.8,74.4,50.7,78.7,67.8,57.1,64.6,10.8,0,1,8,9,95.5,False,Art Club,True,2.0,False,0,0,17.5,Low
SGS0168,Sec 1,1E2,43.1,50.7,61.7,55.7,62.0,49.9,53.8,7.4,2,3,1,4,98.0,False,Drama,True,5.2,False,0,1,47.5,Medium
SGS0169,Sec 1,1N1,63.0,65.3,60.8,62.3,60.7,67.5,63.3,2.7,0,6,5,11,94.5,False,Badminton,True,4.0,True,0,0,18.8,Low
SGS0170,Sec 3,3N1,47.4,52.2,57.5,51.8,46.6,44.3,50.0,4.8,3,5,1,6,97.0,False,Art Club,True,1.7,False,0,1,57.2,Medium
SGS0171,Sec 3,3N2,58.6,50.7,62.9,61.2,65.3,52.2,58.5,5.9,0,5,4,9,95.5,False,Basketball,True,4.7,False,0,0,21.4,Low
SGS0172,Sec 1,1N1,34.3,52.1,48.2,54.5,57.3,35.7,47.0,9.8,3,2,5,7,96.5,False,Drama,True,5.3,False,0,1,59.3,Medium
SGS0173,Sec 2,2N1,57.1,59.0,50.2,48.6,44.8,65.4,54.2,7.6,2,4,2,6,97.0,False,Band,True,3.1,False,0,1,47.7,Medium
SGS0174,Sec 1,1N1,58.7,63.8,53.9,50.1,64.1,49.8,56.7,6.5,1,3,2,5,97.5,False,Choir,True,5.7,True,0,0,28.6,Low
SGS0175,Sec 3,3E1,33.4,57.8,45.7,48.3,65.3,55.7,51.0,11.1,3,7,5,12,94.0,False,Student Council,True,1.5,False,1,1,63.4,High
SGS0176,Sec 1,1N1,73.3,77.8,61.9,64.0,71.2,81.2,71.6,7.6,0,0,0,0,100.0,False,Environmental Club,True,1.8,False,0,0,11.3,Low
SGS0177,Sec 3,3N1,65.8,61.9,63.5,37.8,54.6,48.8,55.4,10.7,2,0,0,0,100.0,False,Basketball,True,4.2,False,1,0,40.8,Medium
SGS0178,Sec 2,2N2,70.1,100.0,73.9,81.4,88.0,81.6,82.5,10.6,0,10,8,18,91.0,False,Basketball,True,4.0,True,0,0,8.3,Low
SGS0179,Sec 4,4N1,81.8,48.8,74.9,49.6,56.7,57.0,61.5,13.7,2,4,5,9,95.5,False,Robotics Club,True,2.9,False,0,0,33.3,Medium
SGS0180,Sec 1,1N1,66.8,57.6,70.4,59.5,63.2,54.5,62.0,5.9,0,1,6,7,96.5,False,Band,True,5.2,False,0,0,18.8,Low
SGS0181,Sec 2,2E2,47.2,70.8,40.2,49.7,33.0,47.6,48.1,12.7,5,1,3,4,98.0,False,Debate,True,4.8,True,0,1,71.9,High
SGS0182,Sec 1,1N2,66.2,65.0,63.2,78.8,75.7,64.3,68.9,6.6,0,1,2,3,98.5,False,Debate,True,5.3,False,0,0,13.6,Low
SGS0183,Sec 4,4N2,62.1,67.2,71.7,47.9,41.2,55.2,57.6,11.7,2,0,0,0,100.0,False,Debate,True,3.8,False,0,0,33.9,Medium
SGS0184,Sec 4,4N2,62.9,66.2,55.5,56.0,77.4,67.5,64.2,8.2,0,5,5,10,95.0,False,Student Council,True,4.9,True,0,0,18.0,Low
SGS0185,Sec 1,1N2,87.0,100.0,80.2,79.3,78.6,75.2,83.4,9.0,0,7,5,12,94.0,False,Debate,True,3.3,False,0,0,6.4,Low
SGS0186,Sec 3,3N2,51.2,51.1,68.2,56.1,58.5,66.1,58.5,7.3,0,2,3,5,97.5,False,Choir,True,7.1,False,0,0,20.5,Low
SGS0187,Sec 4,4N2,72.0,84.4,81.4,85.5,64.3,77.7,77.6,8.1,0,3,4,7,96.5,False,Robotics Club,True,2.8,False,1,0,14.6,Low
SGS0188,Sec 3,3E1,41.4,74.8,56.2,45.6,52.9,53.3,54.0,11.6,2,6,3,9,95.5,False,Art Club,True,7.2,False,0,1,48.4,Medium
SGS0189,Sec 2,2N1,59.7,52.5,58.1,58.6,75.3,55.3,59.9,8.0,0,5,11,16,92.0,False,Debate,True,4.1,False,0,0,21.9,Low
SGS0190,Sec 1,1N2,66.3,84.9,92.7,80.1,50.7,78.7,75.6,14.9,0,1,2,3,98.5,False,Band,True,1.9,True,0,0,9.4,Low
SGS0191,Sec 1,1N1,48.8,48.3,76.7,66.5,69.1,56.6,61.0,11.6,2,6,12,18,91.0,False,Basketball,True,6.1,False,0,0,35.5,Medium
SGS0192,Sec 4,4N1,88.0,77.8,88.6,73.4,79.3,80.3,81.2,6.0,0,3,4,7,96.5,False,Environmental Club,True,4.2,False,0,0,6.8,Low
SGS0193,Sec 4,4E1,77.7,66.0,70.8,49.1,55.0,85.0,67.3,13.5,1,2,1,3,98.5,False,Drama,True,5.3,False,0,0,21.5,Low
SGS0194,Sec 3,3N2,62.7,34.4,51.8,56.7,46.1,59.8,51.9,10.4,2,7,3,10,95.0,False,Student Council,True,5.8,False,2,1,61.0,High
SGS0195,Sec 2,2E2,55.3,72.3,61.1,81.2,83.2,62.3,69.2,11.5,0,5,5,10,95.0,False,Art Club,True,4.5,False,0,0,14.9,Low
SGS0196,Sec 2,2E1,65.8,72.2,77.3,73.3,59.7,62.5,68.5,6.9,0,2,3,5,97.5,False,Student Council,True,3.1,False,0,0,14.3,Low
SGS0197,Sec 3,3E2,78.2,82.7,73.5,70.0,54.8,60.1,69.9,10.7,0,4,4,8,96.0,False,Drama,True,5.5,True,1,0,19.6,Low
SGS0198,Sec 4,4N1,50.0,56.5,65.8,39.5,60.2,36.4,51.4,11.7,2,4,13,17,91.5,False,Robotics Club,True,4.0,False,1,1,57.2,Medium
SGS0199,Sec 4,4N1,78.5,80.0,65.0,45.2,58.9,67.1,65.8,12.9,1,8,1,9,95.5,False,Band,True,5.0,False,0,0,23.7,Low
SGS0200,Sec 3,3E1,63.1,62.0,47.3,60.9,50.0,39.3,53.8,9.7,2,1,5,6,97.0,False,Art Club,True,1.0,False,1,1,53.5,Medium
SGS0201,Sec 3,3E1,62.5,61.3,74.3,47.8,63.0,67.9,62.8,8.8,1,1,1,2,99.0,False,Swimming,True,4.7,False,0,0,24.1,Low
SGS0202,Sec 1,1E2,63.0,66.1,59.3,75.4,56.1,59.9,63.3,6.8,0,1,6,7,96.5,False,Choir,True,3.0,False,0,0,17.9,Low
SGS0203,Sec 1,1N2,63.9,60.0,61.9,55.6,73.8,59.9,62.5,6.2,0,7,7,14,93.0,False,Badminton,True,6.5,False,0,0,19.9,Low
SGS0204,Sec 4,4E2,48.9,30.2,56.2,51.7,61.3,44.0,48.7,10.8,3,0,2,2,99.0,False,Basketball,True,4.9,False,0,1,57.2,Medium
SGS0205,Sec 3,3E1,71.3,63.8,87.3,46.8,69.7,81.1,70.0,14.1,1,3,4,7,96.5,False,Drama,True,4.4,False,0,0,20.7,Low
SGS0206,Sec 1,1E2,75.6,47.2,100.0,63.6,69.9,68.7,70.8,17.3,1,3,0,3,98.5,False,Drama,True,4.7,False,0,0,19.4,Low
SGS0207,Sec 1,1E1,57.8,72.0,74.9,55.3,83.5,76.0,69.9,11.1,0,2,0,2,99.0,False,Swimming,True,2.5,False,1,0,18.3,Low
SGS0208,Sec 3,3E2,56.5,59.2,71.1,48.1,70.0,85.3,65.0,13.2,1,1,1,2,99.0,False,Student Council,True,6.4,False,1,0,28.3,Low
SGS0209,Sec 1,1E1,49.5,60.7,76.4,74.7,56.2,71.9,64.9,11.0,1,4,4,8,96.0,False,Debate,True,7.0,False,1,0,29.6,Low
SGS0210,Sec 1,1E1,69.9,59.9,76.9,82.7,69.5,55.4,69.0,10.2,0,3,3,6,97.0,False,Swimming,True,4.6,False,1,0,19.7,Low
SGS0211,Sec 2,2E1,49.5,60.3,60.6,73.4,81.7,60.9,64.4,11.4,1,1,2,3,98.5,False,Robotics Club,True,6.4,False,1,0,28.9,Low
SGS0212,Sec 3,3N2,26.3,49.7,69.0,56.2,37.9,42.9,47.0,14.9,4,8,6,14,93.0,False,Badminton,True,3.1,False,0,1,67.7,High
SGS0213,Sec 3,3E2,68.5,77.2,70.1,62.0,61.2,62.0,66.8,6.3,0,1,0,1,99.5,False,Environmental Club,True,2.8,False,0,0,14.5,Low
SGS0214,Sec 1,1E2,87.7,58.8,71.0,72.4,67.2,64.3,70.2,9.9,0,0,2,2,99.0,False,Swimming,True,4.1,False,0,0,12.6,Low
SGS0215,Sec 3,3E2,63.3,69.9,73.2,77.1,63.0,64.5,68.5,5.9,0,2,6,8,96.0,False,Badminton,True,4.7,False,1,0,20.5,Low
SGS0216,Sec 1,1E1,59.3,80.0,58.3,53.8,41.3,57.5,58.4,12.5,1,3,4,7,96.5,False,Choir,True,3.4,False,0,0,27.9,Low
SGS0217,Sec 2,2E2,53.3,58.1,64.1,42.2,64.0,60.6,57.0,8.3,1,4,4,8,96.0,False,Art Club,True,4.8,False,0,0,29.0,Low
SGS0218,Sec 3,3E2,68.6,69.6,66.6,66.1,93.0,70.7,72.4,10.2,0,4,1,5,97.5,False,Swimming,True,4.5,False,0,0,11.9,Low
SGS0219,Sec 3,3E1,70.0,54.8,58.4,79.4,63.0,67.4,65.5,8.8,0,2,4,6,97.0,False,Environmental Club,True,2.5,False,0,0,16.4,Low
SGS0220,Sec 4,4N1,63.7,66.5,58.8,67.4,57.8,63.6,63.0,3.9,0,0,0,0,100.0,False,Band,True,4.8,True,0,0,16.7,Low
SGS0221,Sec 3,3E1,64.0,54.3,69.0,29.6,46.1,77.0,56.7,17.1,2,7,3,10,95.0,False,Debate,True,5.3,False,0,0,36.5,Medium
SGS0222,Sec 3,3E2,64.6,65.9,72.4,48.2,64.2,58.2,62.2,8.2,1,8,5,13,93.5,False,Robotics Club,True,4.3,False,0,0,26.8,Low
SGS0223,Sec 1,1E1,62.0,71.5,76.4,65.9,79.9,83.1,73.1,8.2,0,3,2,5,97.5,False,Art Club,True,5.7,False,0,0,11.4,Low
SGS0224,Sec 2,2N1,66.9,37.2,77.0,68.9,62.0,44.7,59.4,15.3,2,10,6,16,92.0,False,Robotics Club,True,2.2,True,0,0,36.1,Medium
SGS0225,Sec 1,1E1,60.2,63.5,65.0,60.7,62.1,60.6,62.0,1.9,0,2,2,4,98.0,False,Art Club,True,4.7,False,0,0,18.1,Low
SGS0226,Sec 1,1E2,49.9,70.0,67.3,69.5,51.8,56.6,60.8,9.2,1,5,1,6,97.0,False,Robotics Club,True,2.2,False,0,0,26.2,Low
SGS0227,Sec 4,4N1,63.0,55.5,49.9,53.9,47.0,62.9,55.4,6.6,2,6,6,12,94.0,False,Robotics Club,True,2.3,False,0,0,37.8,Medium
SGS0228,Sec 2,2N2,49.7,54.0,58.0,40.5,67.3,69.8,56.6,11.0,2,3,4,7,96.5,False,Choir,True,3.1,False,0,0,36.0,Medium
SGS0229,Sec 4,4E2,63.2,51.0,73.1,59.5,72.3,52.9,62.0,9.4,0,4,3,7,96.5,False,Student Council,True,2.6,False,1,0,24.3,Low
SGS0230,Sec 3,3N1,57.2,40.5,69.0,62.3,42.1,48.7,53.3,11.4,3,4,1,5,97.5,False,Debate,True,3.2,False,0,1,55.0,Medium
SGS0231,Sec 3,3N1,82.0,81.3,71.4,75.3,87.3,59.7,76.2,9.8,0,9,8,17,91.5,False,Art Club,True,3.7,False,0,0,12.0,Low
SGS0232,Sec 2,2N2,58.7,54.0,56.5,43.0,60.0,69.7,57.0,8.7,1,3,5,8,96.0,False,Art Club,True,5.3,False,0,0,29.0,Low
SGS0233,Sec 3,3E1,59.4,69.2,47.7,57.7,73.9,65.1,62.2,9.3,1,2,1,3,98.5,False,Art Club,True,3.5,False,0,0,24.7,Low
SGS0234,Sec 2,2E1,65.8,74.7,57.2,86.0,44.4,49.3,62.9,15.8,2,5,5,10,95.0,False,Robotics Club,True,1.6,False,1,0,38.2,Medium
SGS0235,Sec 1,1E2,86.6,83.7,84.8,61.9,59.3,70.8,74.5,12.2,0,3,1,4,98.0,False,Badminton,True,5.7,False,0,0,10.3,Low
SGS0236,Sec 3,3N2,68.3,59.1,71.7,70.8,61.5,77.0,68.1,6.7,0,6,6,12,94.0,False,Environmental Club,True,2.7,False,0,0,16.0,Low
SGS0237,Sec 2,2E1,69.5,72.7,77.6,49.9,74.7,69.1,68.9,9.9,1,5,5,10,95.0,False,Choir,True,3.9,False,0,0,22.0,Low
SGS0238,Sec 1,1N2,36.1,44.9,52.9,59.4,67.5,48.4,51.5,11.1,3,5,3,8,96.0,False,Drama,True,4.7,False,1,1,62.2,High
SGS0239,Sec 3,3E1,52.6,58.0,66.5,55.9,70.6,58.0,60.3,6.8,0,5,7,12,94.0,False,Band,True,4.3,True,1,0,26.4,Low
SGS0240,Sec 1,1N1,65.2,73.5,64.8,73.8,66.1,60.5,67.3,5.3,0,1,2,3,98.5,False,Robotics Club,True,5.6,False,0,0,14.6,Low
SGS0241,Sec 4,4E1,55.7,55.3,72.0,50.4,51.8,76.1,60.2,11.0,0,3,5,8,96.0,False,Choir,True,4.7,False,0,0,20.1,Low
SGS0242,Sec 4,4N2,67.8,49.4,77.1,74.1,82.2,88.9,73.2,13.7,1,3,4,7,96.5,False,Choir,True,2.7,False,1,0,24.2,Low
SGS0243,Sec 4,4N1,57.6,49.9,65.1,49.4,47.6,49.6,53.2,6.8,4,9,5,14,93.0,False,Basketball,True,7.3,False,1,1,69.4,High
SGS0244,Sec 2,2N1,77.7,71.2,70.3,66.8,88.9,89.0,77.3,9.7,0,2,0,2,99.0,False,Swimming,True,4.3,False,1,0,13.7,Low
SGS0245,Sec 1,1N1,78.8,96.6,61.2,85.5,76.9,77.2,79.4,11.6,0,0,0,0,100.0,False,Drama,True,3.8,False,0,0,6.4,Low
SGS0246,Sec 4,4N2,63.1,55.1,72.4,55.5,74.4,66.1,64.4,8.2,0,5,8,13,93.5,False,Band,True,5.4,False,0,0,18.5,Low
SGS0247,Sec 2,2E2,58.2,64.5,56.0,62.9,64.6,74.2,63.4,6.3,0,0,0,0,100.0,False,Robotics Club,True,4.4,False,0,0,16.4,Low
SGS0248,Sec 4,4E2,53.0,72.9,67.3,72.4,71.6,73.8,68.5,7.9,0,1,4,5,97.5,False,Choir,True,4.6,False,0,0,14.3,Low
SGS0249,Sec 4,4E2,64.4,87.9,83.9,76.0,68.8,73.0,75.7,8.9,0,5,10,15,92.5,False,Drama,True,7.7,False,0,0,11.9,Low
SGS0250,Sec 4,4N2,55.5,70.3,56.2,62.9,53.8,67.5,61.0,6.9,0,4,3,7,96.5,False,Badminton,True,3.6,False,2,1,40.9,Medium
SGS0251,Sec 2,2N1,45.7,71.4,71.6,55.8,62.3,49.2,59.3,11.0,2,8,7,15,92.5,False,Drama,True,3.5,False,0,0,36.0,Medium
SGS0252,Sec 2,2E2,64.9,43.4,68.3,50.4,59.9,72.9,60.0,11.2,1,5,7,12,94.0,False,Environmental Club,True,4.2,False,0,0,28.0,Low
SGS0253,Sec 4,4N2,65.7,54.3,60.4,46.6,44.7,54.3,54.3,8.0,2,2,5,7,96.5,False,Basketball,True,5.6,False,1,1,53.4,Medium
SGS0254,Sec 2,2E2,66.0,63.2,43.3,67.3,52.4,50.5,57.1,9.8,1,8,8,16,92.0,False,Environmental Club,True,1.7,False,0,0,30.6,Medium
SGS0255,Sec 1,1E1,51.0,58.7,68.4,55.8,54.1,49.6,56.3,6.8,1,3,5,8,96.0,False,Swimming,True,1.1,False,1,0,35.0,Medium
SGS0256,Sec 3,3E2,69.9,63.2,60.8,48.1,34.0,43.7,53.3,13.6,3,0,0,0,100.0,False,Robotics Club,True,3.1,False,1,1,59.5,Medium
SGS0257,Sec 4,4E2,62.4,63.3,60.4,66.4,65.7,58.0,62.7,3.2,0,1,3,4,98.0,False,Badminton,True,1.5,False,0,0,17.7,Low
SGS0258,Sec 3,3N1,59.6,57.4,67.6,69.2,53.5,62.9,61.7,6.0,0,3,2,5,97.5,False,Band,True,3.4,False,2,1,40.0,Medium
SGS0259,Sec 3,3N2,67.4,58.4,59.0,80.3,62.3,65.4,65.5,8.1,0,0,0,0,100.0,False,Badminton,True,4.8,False,0,0,15.1,Low
SGS0260,Sec 1,1N1,50.1,48.5,60.4,44.9,36.5,55.2,49.3,8.3,3,2,1,3,98.5,False,Drama,True,2.7,False,1,1,62.6,High
SGS0261,Sec 3,3N1,65.1,97.6,61.9,63.7,51.3,76.2,69.3,16.0,0,4,2,6,97.0,False,Basketball,True,1.9,False,0,0,14.0,Low
SGS0262,Sec 4,4N1,61.1,56.4,49.1,54.2,46.1,59.8,54.5,5.9,2,0,1,1,99.5,False,Band,True,4.1,False,1,1,52.0,Medium
SGS0263,Sec 1,1N1,62.4,43.0,48.7,58.7,53.9,69.9,56.1,9.7,2,4,5,9,95.5,False,Band,True,5.3,False,0,0,36.7,Medium
SGS0264,Sec 2,2N1,66.6,75.7,80.9,73.4,86.3,61.0,74.0,9.2,0,7,4,11,94.5,False,Art Club,True,1.5,False,0,0,12.1,Low
SGS0265,Sec 4,4E2,56.5,62.5,49.1,56.6,47.1,64.7,56.1,7.0,2,3,4,7,96.5,False,Badminton,True,5.2,False,1,0,41.8,Medium
SGS0266,Sec 3,3N1,76.1,78.9,82.7,69.5,66.2,67.9,73.6,6.7,0,3,5,8,96.0,False,Choir,True,5.2,False,0,0,11.7,Low
SGS0267,Sec 3,3N1,72.0,69.0,60.3,77.5,66.7,80.4,71.0,7.3,0,3,7,10,95.0,False,Basketball,True,5.4,False,0,0,13.8,Low
SGS0268,Sec 3,3N2,50.2,75.3,51.2,73.5,66.6,91.7,68.1,15.8,0,7,4,11,94.5,False,Drama,True,5.8,False,0,0,15.8,Low
SGS0269,Sec 2,2E1,37.9,83.7,55.5,63.6,62.9,61.2,60.8,14.8,1,2,2,4,98.0,False,Student Council,True,7.3,False,1,0,31.4,Medium
SGS0270,Sec 2,2E2,90.1,75.1,96.3,70.5,69.1,79.0,80.0,11.0,0,4,1,5,97.5,False,Band,True,3.5,False,0,0,7.1,Low
SGS0271,Sec 4,4E2,42.4,48.4,57.7,50.4,70.8,56.1,54.3,9.8,2,3,8,11,94.5,False,Debate,True,4.2,False,1,1,54.2,Medium
SGS0272,Sec 4,4E2,54.6,47.8,54.6,55.8,75.2,65.3,58.9,9.8,1,9,7,16,92.0,False,Art Club,True,3.4,False,0,0,29.5,Low
SGS0273,Sec 4,4N1,44.5,55.3,60.9,66.0,39.6,71.9,56.4,12.5,2,2,3,5,97.5,False,Band,True,4.0,False,0,0,35.7,Medium
SGS0274,Sec 4,4N1,38.7,72.8,64.9,57.9,46.7,52.7,55.6,12.3,2,10,9,19,90.5,False,Debate,True,6.3,False,1,0,44.6,Medium
SGS0275,Sec 2,2N1,61.5,63.1,70.4,51.0,53.5,62.3,60.3,7.0,0,2,2,4,98.0,False,Art Club,True,2.0,False,0,0,19.2,Low
SGS0276,Sec 2,2N2,78.2,77.4,88.3,64.8,61.2,71.8,73.6,9.9,0,7,6,13,93.5,False,Drama,True,2.7,False,0,0,12.8,Low
SGS0277,Sec 3,3E1,66.7,56.1,72.1,73.3,77.8,81.2,71.2,8.9,0,1,3,4,98.0,False,Debate,True,6.1,False,0,0,12.4,Low
SGS0278,Sec 3,3N1,30.7,51.5,46.5,67.0,49.5,74.2,53.2,15.5,3,3,2,5,97.5,False,Band,True,5.5,False,0,1,55.0,Medium
SGS0279,Sec 3,3E1,49.0,37.9,53.5,71.9,76.4,54.6,57.2,14.5,2,0,0,0,100.0,False,Band,True,3.5,False,0,0,34.2,Medium
SGS0280,Sec 3,3N2,68.8,78.4,70.7,64.4,77.1,50.7,68.4,10.1,0,1,3,4,98.0,False,Debate,True,5.3,False,1,0,19.7,Low
SGS0281,Sec 4,4E2,41.9,74.4,50.3,57.8,59.1,66.7,58.4,11.5,1,1,4,5,97.5,False,Art Club,True,4.5,False,1,0,33.1,Medium
SGS0282,Sec 2,2N1,68.0,75.8,59.8,55.6,76.7,60.4,66.0,8.9,0,8,3,11,94.5,False,Swimming,True,6.3,False,0,0,17.1,Low
SGS0283,Sec 2,2E1,62.6,54.7,69.4,83.7,74.1,63.8,68.0,10.1,0,11,9,20,90.0,False,Environmental Club,True,4.1,False,0,0,17.7,Low
SGS0284,Sec 1,1E1,54.8,65.6,51.7,36.5,43.6,59.4,51.9,10.6,2,4,7,11,94.5,False,Art Club,True,5.5,False,0,1,50.1,Medium
SGS0285,Sec 3,3N1,74.7,72.8,77.0,86.8,65.6,79.0,76.0,7.0,0,0,0,0,100.0,False,Swimming,True,8.0,True,0,0,8.6,Low
SGS0286,Sec 1,1E2,65.8,65.2,71.1,73.4,76.5,77.0,71.5,5.1,0,8,4,12,94.0,False,Choir,True,4.9,False,1,0,19.4,Low
SGS0287,Sec 2,2E2,68.2,48.4,57.1,51.8,65.1,53.0,57.3,7.8,1,3,2,5,97.5,False,Robotics Club,True,4.1,True,0,0,28.2,Low
SGS0288,Sec 2,2E2,56.5,55.5,52.0,48.5,59.7,31.5,50.6,10.1,2,3,3,6,97.0,False,Art Club,True,5.1,True,0,1,49.9,Medium
SGS0289,Sec 2,2N2,63.2,65.7,75.5,89.0,47.9,72.9,69.0,13.8,1,5,3,8,96.0,False,Student Council,True,3.5,False,0,0,21.5,Low
SGS0290,Sec 3,3E1,54.5,64.0,77.4,67.5,56.0,63.8,63.9,8.3,0,10,4,14,93.0,False,Band,True,7.6,False,0,0,19.0,Low
SGS0291,Sec 1,1E1,62.0,54.1,51.1,68.1,65.9,84.0,64.2,11.7,0,2,3,5,97.5,False,Badminton,True,4.3,False,1,0,22.5,Low
SGS0292,Sec 1,1E1,68.4,91.2,71.1,87.6,76.7,83.7,79.8,9.2,0,5,6,11,94.5,False,Drama,True,3.6,True,0,0,8.5,Low
SGS0293,Sec 4,4N2,58.0,60.0,48.0,54.7,79.7,56.8,59.5,10.7,1,0,1,1,99.5,False,Art Club,True,2.7,False,0,0,26.0,Low
SGS0294,Sec 2,2E1,71.9,49.4,51.4,56.3,41.1,67.9,56.3,11.7,2,1,3,4,98.0,False,Choir,True,5.6,True,0,0,35.5,Medium
SGS0295,Sec 1,1N2,36.4,63.0,52.5,52.2,55.4,64.1,53.9,10.0,1,0,3,3,98.5,False,Robotics Club,True,5.3,False,0,1,40.3,Medium
SGS0296,Sec 2,2E2,39.2,45.3,44.0,51.7,70.4,55.6,51.0,11.1,3,6,1,7,96.5,False,Art Club,True,3.3,False,0,1,56.8,Medium
SGS0297,Sec 3,3N1,75.6,46.4,54.9,74.4,83.8,75.3,68.4,14.4,1,6,6,12,94.0,False,Swimming,True,4.9,False,0,0,22.7,Low
SGS0298,Sec 1,1E1,73.4,90.0,68.7,74.8,71.7,72.4,75.2,7.5,0,7,3,10,95.0,False,Robotics Club,True,1.7,False,1,0,16.7,Low
SGS0299,Sec 3,3E1,50.3,77.7,62.3,43.0,62.2,61.1,59.4,11.9,1,5,7,12,94.0,False,Band,True,4.3,False,1,0,33.9,Medium
SGS0300,Sec 1,1E2,73.3,60.1,66.8,61.4,68.9,71.1,66.9,5.3,0,4,7,11,94.5,False,Debate,True,4.7,False,0,0,16.5,Low
SGS0301,Sec 1,1N1,55.0,62.4,57.0,65.0,63.2,71.4,62.3,5.9,0,3,5,8,96.0,False,Basketball,True,6.6,False,0,0,18.8,Low
SGS0302,Sec 2,2N2,88.9,61.0,75.6,63.2,69.9,79.4,73.0,10.5,0,2,4,6,97.0,False,Art Club,True,2.8,False,0,0,11.7,Low
SGS0303,Sec 2,2N1,88.1,83.2,79.1,74.7,86.0,80.5,81.9,4.9,0,5,5,10,95.0,False,Basketball,True,2.1,False,1,0,12.5,Low
SGS0304,Sec 3,3E2,52.0,53.9,57.4,52.9,31.8,70.3,53.0,12.4,1,2,0,2,99.0,False,Robotics Club,True,2.7,False,3,1,57.3,Medium
SGS0305,Sec 3,3E2,78.8,58.0,77.2,71.0,64.3,58.5,68.0,9.1,0,2,3,5,97.5,False,Badminton,True,2.0,False,0,0,14.6,Low
SGS0306,Sec 4,4N1,63.4,75.4,86.1,66.1,71.0,66.3,71.4,8.4,0,0,2,2,99.0,False,Choir,True,6.0,False,0,0,11.9,Low
SGS0307,Sec 2,2N2,74.0,57.4,56.8,82.4,64.6,63.5,66.4,10.0,0,2,7,9,95.5,False,Robotics Club,True,6.3,False,0,0,16.4,Low
SGS0308,Sec 2,2N2,78.9,74.1,87.4,71.3,96.6,97.8,84.4,11.4,0,3,5,8,96.0,False,Environmental Club,True,4.5,False,0,0,5.0,Low
SGS0309,Sec 3,3E1,78.8,49.6,77.1,70.6,59.3,60.9,66.0,11.4,1,4,8,12,94.0,False,Art Club,True,5.8,False,0,0,24.2,Low
SGS0310,Sec 1,1N2,73.9,56.5,50.0,55.3,54.5,73.7,60.6,10.4,0,10,7,17,91.5,False,Drama,True,4.2,False,0,0,21.7,Low
SGS0311,Sec 2,2N1,66.2,66.7,77.2,74.9,86.0,57.0,71.3,10.2,0,3,0,3,98.5,False,Badminton,True,3.9,False,0,0,12.1,Low
SGS0312,Sec 1,1E2,62.5,74.1,88.6,60.3,61.9,77.4,70.8,11.2,0,6,5,11,94.5,False,Choir,True,3.5,False,0,0,14.1,Low
SGS0313,Sec 1,1E1,72.3,71.9,59.7,76.7,62.4,73.2,69.4,6.7,0,3,5,8,96.0,False,Art Club,True,3.5,False,0,0,14.3,Low
SGS0314,Sec 4,4E1,58.4,76.1,59.2,67.9,64.0,83.9,68.2,10.0,0,5,8,13,93.5,False,Choir,True,1.7,False,0,0,16.1,Low
SGS0315,Sec 4,4E2,89.8,56.1,83.0,64.8,78.3,65.6,72.9,12.8,0,2,4,6,97.0,False,Environmental Club,True,4.4,False,0,0,11.7,Low
SGS0316,Sec 3,3N2,71.9,57.4,76.4,70.4,72.8,63.7,68.8,7.0,0,5,6,11,94.5,False,Debate,True,3.9,False,0,0,15.3,Low
SGS0317,Sec 2,2E2,68.5,79.3,80.9,89.1,59.5,73.5,75.1,10.4,0,7,4,11,94.5,False,Art Club,True,5.1,False,0,0,11.4,Low
SGS0318,Sec 1,1N2,68.2,47.8,72.9,69.2,61.2,85.5,67.5,12.5,1,4,5,9,95.5,False,Environmental Club,True,4.1,True,0,0,22.7,Low
SGS0319,Sec 1,1E2,46.3,63.4,66.9,54.3,54.0,53.5,56.4,7.5,1,3,5,8,96.0,False,Environmental Club,True,3.8,False,0,0,29.4,Low
SGS0320,Sec 1,1N1,52.6,52.3,52.2,51.8,61.8,38.9,51.6,7.3,1,4,7,11,94.5,False,Debate,True,2.7,False,0,1,43.4,Medium
SGS0321,Sec 2,2N2,82.8,88.3,84.5,77.4,75.3,73.9,80.4,5.7,0,2,3,5,97.5,False,Swimming,True,4.1,False,0,0,6.9,Low
SGS0322,Sec 3,3N1,48.0,58.9,69.5,58.1,59.0,66.6,60.0,7.5,1,0,0,0,100.0,False,Drama,True,5.1,False,0,0,25.5,Low
SGS0323,Sec 3,3E1,53.6,63.7,65.0,72.6,46.6,56.4,59.6,9.3,1,5,2,7,96.5,False,Environmental Club,True,2.3,False,0,0,27.2,Low
SGS0324,Sec 1,1E2,63.4,72.1,60.8,44.9,68.9,69.0,63.2,9.9,1,5,8,13,93.5,False,Band,True,4.1,False,0,0,26.2,Low
SGS0325,Sec 4,4E1,73.2,52.5,49.3,51.2,64.1,53.5,57.3,9.4,1,1,4,5,97.5,False,Art Club,True,4.3,False,0,0,28.2,Low
SGS0326,Sec 3,3E1,78.6,64.4,79.7,84.4,85.5,72.4,77.5,7.9,0,0,0,0,100.0,False,Art Club,True,2.9,False,0,0,7.6,Low
SGS0327,Sec 3,3E1,72.6,51.9,71.6,67.5,67.4,72.7,67.3,7.9,0,2,2,4,98.0,False,Debate,True,3.1,True,0,0,14.8,Low
SGS0328,Sec 3,3E1,53.9,54.7,64.1,68.4,72.8,52.1,61.0,8.6,0,0,0,0,100.0,False,Student Council,True,4.3,False,0,0,17.9,Low
SGS0329,Sec 2,2E2,36.0,52.7,64.7,42.2,55.2,54.6,50.9,10.2,2,8,5,13,93.5,False,Robotics Club,True,2.3,False,1,1,56.7,Medium
SGS0330,Sec 1,1E1,82.1,73.9,67.0,58.8,80.8,81.8,74.1,9.5,0,2,1,3,98.5,False,Robotics Club,True,4.5,False,0,0,10.4,Low
SGS0331,Sec 2,2E2,63.1,77.7,75.1,77.7,71.8,73.5,73.2,5.4,0,4,4,8,96.0,False,Basketball,True,2.7,False,0,0,12.0,Low
SGS0332,Sec 3,3E2,75.9,62.0,71.4,90.3,77.7,73.7,75.2,9.2,0,8,5,13,93.5,False,Drama,True,5.6,True,0,0,11.8,Low
SGS0333,Sec 1,1N1,72.0,58.8,61.6,49.3,81.6,76.4,66.6,12.1,1,1,2,3,98.5,False,Environmental Club,True,7.5,False,1,0,27.5,Low
SGS0334,Sec 1,1N2,68.5,53.6,64.3,51.6,72.0,72.0,63.7,9.1,0,1,1,2,99.0,False,Swimming,True,2.7,False,0,0,16.7,Low
SGS0335,Sec 1,1N2,67.7,62.9,68.6,63.6,69.1,47.0,63.2,8.3,1,3,4,7,96.5,False,Drama,True,4.8,False,0,0,24.9,Low
SGS0336,Sec 1,1E2,95.4,98.9,73.3,67.3,61.2,84.9,80.2,15.3,0,2,3,5,97.5,False,Badminton,True,2.9,True,0,0,7.0,Low
SGS0337,Sec 4,4N1,53.9,65.1,62.3,53.7,47.7,57.2,56.6,6.3,1,3,7,10,95.0,False,Environmental Club,True,5.6,False,1,0,35.2,Medium
SGS0338,Sec 3,3E2,72.7,74.2,74.8,52.4,66.5,67.8,68.1,8.4,0,3,4,7,96.5,False,Band,True,2.1,False,1,0,20.5,Low
SGS0339,Sec 2,2E2,66.6,87.4,64.8,62.8,67.7,78.6,71.3,9.6,0,0,0,0,100.0,False,Student Council,True,4.7,False,0,0,11.5,Low
SGS0340,Sec 1,1E2,65.3,75.7,49.8,52.6,56.7,59.6,60.0,9.4,1,0,0,0,100.0,False,Swimming,True,2.7,False,0,0,25.5,Low
SGS0341,Sec 2,2N1,72.9,54.9,78.3,48.1,59.2,43.6,59.5,13.7,2,1,3,4,98.0,False,Debate,True,3.7,False,0,0,33.6,Medium
SGS0342,Sec 2,2N2,67.8,51.7,79.7,67.2,78.8,80.2,70.9,11.1,0,1,1,2,99.0,False,Debate,True,2.5,False,1,0,17.7,Low
SGS0343,Sec 1,1N1,75.1,71.2,60.0,70.7,76.9,83.9,73.0,7.9,0,0,2,2,99.0,False,Robotics Club,True,5.2,False,1,0,16.4,Low
SGS0344,Sec 2,2E1,63.7,49.1,63.0,59.3,41.8,54.5,55.2,8.6,2,6,8,14,93.0,False,Art Club,True,2.7,False,0,0,38.3,Medium
SGS0345,Sec 2,2N1,58.6,48.8,60.4,47.2,61.3,73.2,58.2,9.5,2,3,5,8,96.0,False,Basketball,True,4.8,False,1,0,40.7,Medium
SGS0346,Sec 3,3N1,47.1,59.8,61.4,57.2,47.7,54.3,54.6,6.1,2,5,1,6,97.0,False,Environmental Club,True,3.5,False,0,1,47.4,Medium
SGS0347,Sec 3,3N1,60.3,75.2,76.8,93.0,67.1,74.2,74.4,11.0,0,3,1,4,98.0,False,Band,True,3.8,False,0,0,10.4,Low
SGS0348,Sec 1,1N1,29.3,68.5,49.8,46.8,45.1,50.0,48.2,12.5,4,5,8,13,93.5,False,Robotics Club,True,4.2,False,0,1,66.7,High
SGS0349,Sec 2,2N2,77.2,54.9,52.0,66.4,52.1,55.9,59.8,10.1,0,1,2,3,98.5,False,Art Club,True,2.9,False,0,0,19.3,Low
SGS0350,Sec 3,3E1,53.1,68.8,60.4,73.8,51.8,70.2,63.0,9.3,0,2,3,5,97.5,False,Environmental Club,True,4.3,False,0,0,17.7,Low
SGS0351,Sec 2,2N2,71.5,68.8,67.7,83.8,72.6,64.1,71.4,6.8,0,3,6,9,95.5,False,Debate,True,6.3,False,0,0,13.3,Low
SGS0352,Sec 4,4N2,57.8,71.2,55.5,63.8,55.2,60.6,60.7,6.1,0,4,6,10,95.0,False,Robotics Club,True,2.8,False,0,0,20.2,Low
SGS0353,Sec 3,3N1,59.8,57.3,59.2,63.9,27.6,62.3,55.0,13.6,1,0,0,0,100.0,False,Debate,True,5.8,False,0,0,28.6,Low
SGS0354,Sec 1,1E2,84.3,66.3,72.2,84.7,97.0,97.1,83.6,12.6,0,1,1,2,99.0,False,Swimming,True,6.2,True,0,0,4.2,Low
SGS0355,Sec 1,1E2,58.2,51.2,59.6,57.4,60.7,40.4,54.6,7.7,1,1,4,5,97.5,False,Environmental Club,True,2.8,False,0,1,40.3,Medium
SGS0356,Sec 3,3N2,37.7,49.3,61.6,33.9,40.0,51.2,45.6,10.3,4,8,3,11,94.5,False,Environmental Club,True,1.8,False,0,1,67.9,High
SGS0357,Sec 1,1N2,63.0,69.0,62.1,49.1,65.1,73.5,63.6,8.3,1,1,6,7,96.5,False,Debate,True,4.5,False,0,0,24.7,Low
SGS0358,Sec 3,3N1,60.0,69.4,62.7,43.1,45.6,40.9,53.6,11.9,3,9,2,11,94.5,False,Art Club,True,3.2,False,0,1,56.0,Medium
SGS0359,Sec 4,4N2,50.5,40.3,61.2,51.8,70.2,59.6,55.6,10.3,1,4,2,6,97.0,False,Drama,True,6.8,False,2,1,51.0,Medium
SGS0360,Sec 3,3N1,82.9,60.2,74.7,74.3,86.0,78.1,76.0,9.0,0,2,2,4,98.0,False,Basketball,True,4.1,False,0,0,9.4,Low
SGS0361,Sec 2,2E2,68.0,71.3,67.0,53.6,64.9,71.5,66.1,6.6,0,4,7,11,94.5,False,Robotics Club,True,2.8,False,0,0,17.0,Low
SGS0362,Sec 3,3E2,64.0,51.2,67.2,67.4,67.1,58.3,62.5,6.6,0,2,2,4,98.0,False,Drama,True,2.3,False,0,0,17.8,Low
SGS0363,Sec 2,2E1,57.5,55.1,58.9,47.4,52.9,56.7,54.8,4.2,1,8,9,17,91.5,False,Drama,True,5.6,False,0,1,42.7,Medium
SGS0364,Sec 2,2E2,79.9,45.7,58.9,64.7,55.0,72.3,62.8,12.3,1,5,3,8,96.0,False,Robotics Club,True,3.1,False,0,0,25.4,Low
SGS0365,Sec 4,4N2,68.2,95.3,78.2,59.5,62.5,51.9,69.3,15.5,0,3,2,5,97.5,False,Robotics Club,True,4.1,False,0,0,13.8,Low
SGS0366,Sec 2,2E2,47.4,59.5,72.4,43.0,61.9,64.8,58.2,11.0,2,3,2,5,97.5,False,Choir,True,5.4,False,0,0,34.6,Medium
SGS0367,Sec 4,4N1,79.9,89.7,71.5,79.7,71.6,74.7,77.8,6.9,0,1,1,2,99.0,False,Student Council,True,3.3,True,1,0,13.4,Low
SGS0368,Sec 4,4E2,46.1,51.0,56.2,71.2,50.6,48.0,53.8,9.2,2,3,7,10,95.0,False,Robotics Club,True,3.9,False,0,1,48.8,Medium
SGS0369,Sec 1,1E1,43.7,54.9,59.0,49.8,48.3,76.3,55.3,11.6,3,5,8,13,93.5,False,Choir,True,4.0,False,0,0,45.0,Medium
SGS0370,Sec 1,1E2,61.5,72.3,56.7,38.6,55.0,70.6,59.1,12.3,1,10,7,17,91.5,False,Environmental Club,True,5.0,False,1,0,35.1,Medium
SGS0371,Sec 1,1N1,73.2,74.2,74.7,70.1,61.5,51.8,67.6,9.1,0,4,8,12,94.0,False,Art Club,True,4.9,False,0,0,16.3,Low
SGS0372,Sec 1,1N1,63.3,62.9,89.9,48.4,52.7,69.0,64.4,14.6,1,3,5,8,96.0,False,Art Club,True,3.7,False,0,0,24.4,Low
SGS0373,Sec 1,1N2,62.3,59.7,54.5,48.6,52.3,76.3,59.0,9.8,1,4,3,7,96.5,False,Basketball,True,4.1,True,0,0,27.6,Low
SGS0374,Sec 3,3E2,81.0,75.8,53.3,63.1,51.4,51.5,62.7,13.0,0,1,3,4,98.0,False,Choir,True,3.4,False,0,0,17.7,Low
SGS0375,Sec 1,1N1,53.5,76.3,57.4,53.9,61.1,54.4,59.4,8.7,0,9,5,14,93.0,False,Robotics Club,True,1.8,False,0,0,21.8,Low
SGS0376,Sec 2,2E1,98.7,76.4,83.1,64.1,51.9,76.4,75.1,16.0,0,6,4,10,95.0,False,Choir,True,4.4,True,0,0,11.2,Low
SGS0377,Sec 4,4N2,66.1,81.9,61.4,59.2,72.3,50.2,65.2,11.0,0,2,4,6,97.0,False,Art Club,True,6.8,False,0,0,16.6,Low
SGS0378,Sec 1,1E1,52.5,69.5,87.8,78.7,84.2,76.4,74.9,12.7,0,8,7,15,92.5,False,Choir,True,2.7,False,1,0,17.9,Low
SGS0379,Sec 4,4E2,71.4,75.2,53.7,73.9,61.1,77.5,68.8,9.3,0,3,8,11,94.5,False,Debate,True,2.8,False,1,0,20.9,Low
SGS0380,Sec 2,2E2,68.6,77.6,74.9,78.8,39.0,82.4,70.2,16.0,1,5,7,12,94.0,False,Swimming,True,2.7,False,1,0,27.2,Low
SGS0381,Sec 1,1E2,78.6,63.4,62.8,86.3,62.3,65.7,69.9,10.1,0,6,8,14,93.0,False,Swimming,True,5.1,True,0,0,15.3,Low
SGS0382,Sec 3,3N2,71.5,59.1,85.1,74.3,64.3,92.2,74.4,12.5,0,2,8,10,95.0,False,Student Council,True,4.7,False,0,0,11.6,Low
SGS0383,Sec 3,3N1,64.9,79.5,89.4,65.6,56.4,48.2,67.3,15.0,1,6,3,9,95.5,False,Swimming,True,3.8,False,0,0,22.8,Low
SGS0384,Sec 4,4N2,59.5,68.3,67.3,81.9,66.9,77.8,70.3,8.1,0,3,4,7,96.5,False,Choir,True,2.6,False,0,0,13.6,Low
SGS0385,Sec 3,3E1,60.6,55.6,60.4,68.9,78.3,51.1,62.5,9.8,0,2,4,6,97.0,False,Debate,True,4.1,False,1,0,23.8,Low
SGS0386,Sec 4,4N2,58.3,61.8,78.6,73.4,73.7,70.2,69.3,7.8,0,5,8,13,93.5,False,Robotics Club,True,1.7,False,0,0,15.4,Low
SGS0387,Sec 2,2E1,54.6,56.9,59.7,63.7,51.4,57.7,57.3,4.2,0,2,2,4,98.0,False,Choir,True,4.2,False,1,0,26.6,Low
SGS0388,Sec 1,1N2,78.5,83.0,75.4,65.1,56.9,80.2,73.2,10.1,0,8,6,14,93.0,False,Drama,True,5.3,False,0,0,13.2,Low
SGS0389,Sec 3,3N1,72.4,62.7,59.2,47.0,52.7,57.0,58.5,8.7,1,0,0,0,100.0,False,Drama,True,2.1,False,2,1,47.9,Medium
SGS0390,Sec 4,4E1,79.5,84.5,59.5,76.1,73.7,69.8,73.9,8.6,0,4,4,8,96.0,False,Environmental Club,True,1.7,False,1,0,17.1,Low
SGS0391,Sec 4,4E2,48.9,66.8,63.9,63.8,66.0,55.7,60.8,7.1,1,2,1,3,98.5,False,Art Club,True,6.4,False,0,0,25.6,Low
SGS0392,Sec 2,2E2,54.1,45.6,46.0,44.4,44.6,71.5,51.0,10.7,4,3,4,7,96.5,False,Art Club,True,3.1,False,0,1,63.7,High
SGS0393,Sec 2,2N2,74.1,70.9,60.4,67.9,67.5,69.1,68.3,4.6,0,5,6,11,94.5,False,Art Club,True,5.7,False,0,0,15.7,Low
SGS0394,Sec 3,3E2,49.6,69.3,73.3,78.0,75.3,41.2,64.4,15.3,2,1,0,1,99.5,False,Debate,True,3.8,False,0,0,29.9,Low
SGS0395,Sec 2,2E1,66.5,75.5,58.5,51.9,76.3,75.9,67.4,10.4,0,3,7,10,95.0,False,Choir,True,3.8,False,0,0,16.0,Low
SGS0396,Sec 4,4E2,56.1,62.2,67.2,63.3,55.7,56.5,60.2,4.8,0,2,3,5,97.5,False,Basketball,True,4.7,False,1,0,25.0,Low
SGS0397,Sec 4,4N1,49.7,51.7,58.0,58.4,56.0,60.1,55.6,4.1,1,3,6,9,95.5,False,Art Club,True,2.7,False,1,0,35.6,Medium
SGS0398,Sec 2,2N1,52.5,50.0,46.4,52.0,42.7,56.7,50.1,4.9,2,4,2,6,97.0,False,Art Club,True,4.2,False,1,1,55.8,Medium
SGS0399,Sec 3,3N2,56.3,51.1,68.6,54.7,69.6,71.8,62.0,9.0,0,2,4,6,97.0,False,Student Council,True,3.4,False,0,0,18.5,Low
SGS0400,Sec 3,3E1,45.9,43.3,48.3,41.8,35.7,35.7,41.8,5.2,6,6,0,6,97.0,False,Choir,True,2.0,False,0,1,83.1,High
SGS0401,Sec 1,1N1,39.6,33.9,57.4,51.3,49.2,50.7,47.0,8.6,3,4,6,10,95.0,False,Art Club,True,4.5,False,0,1,59.9,Medium
SGS0402,Sec 4,4N1,62.8,52.7,80.1,65.7,68.0,64.3,65.6,8.9,0,2,5,7,96.5,False,Swimming,True,3.6,False,0,0,16.5,Low
SGS0403,Sec 2,2E1,74.7,67.3,67.3,53.7,62.6,75.9,66.9,8.2,0,6,6,12,94.0,False,Band,True,3.8,False,0,0,16.7,Low
SGS0404,Sec 4,4E2,60.8,60.9,61.6,63.7,51.1,64.7,60.5,4.9,0,11,6,17,91.5,False,Swimming,True,2.2,False,0,0,21.8,Low
SGS0405,Sec 2,2E2,70.7,56.3,45.7,40.8,56.9,56.2,54.4,10.4,2,2,5,7,96.5,False,Band,True,6.4,False,0,1,47.8,Medium
SGS0406,Sec 4,4N2,56.8,61.2,55.7,68.8,60.4,60.5,60.6,4.6,0,4,5,9,95.5,False,Robotics Club,True,5.3,False,0,0,20.0,Low
SGS0407,Sec 2,2E2,63.4,63.2,93.8,44.0,66.4,62.5,65.6,16.0,1,0,0,0,100.0,False,Basketball,True,5.4,False,0,0,22.0,Low
SGS0408,Sec 1,1E1,61.2,59.8,67.5,63.7,46.8,71.4,61.7,8.5,1,3,2,5,97.5,False,Robotics Club,True,3.5,False,0,0,25.5,Low
SGS0409,Sec 4,4N1,59.0,70.3,62.9,79.0,85.6,99.6,76.1,15.2,0,2,5,7,96.5,False,Drama,True,1.4,False,0,0,10.0,Low
SGS0410,Sec 1,1E2,50.6,67.8,58.1,74.0,59.6,74.4,64.1,9.6,0,2,0,2,99.0,False,Art Club,True,6.9,False,0,0,16.4,Low
SGS0411,Sec 2,2N2,44.1,75.7,67.4,39.2,76.7,60.9,60.7,15.9,2,2,0,2,99.0,False,Badminton,True,3.9,False,1,0,37.9,Medium
SGS0412,Sec 4,4E2,74.0,63.2,70.0,59.6,44.1,47.9,59.8,11.9,2,8,9,17,91.5,False,Swimming,True,2.9,False,0,0,36.1,Medium
SGS0413,Sec 4,4E1,57.3,62.8,71.5,75.9,67.4,57.7,65.4,7.5,0,6,2,8,96.0,False,Student Council,True,4.6,False,0,0,16.8,Low
SGS0414,Sec 3,3N2,70.4,47.4,45.5,41.1,49.8,46.0,50.0,10.4,5,2,2,4,98.0,False,Art Club,True,5.8,False,1,1,76.2,High
SGS0415,Sec 3,3E2,53.5,59.4,61.1,49.9,51.4,54.5,55.0,4.4,1,5,6,11,94.5,False,Choir,True,4.0,False,0,0,30.9,Medium
SGS0416,Sec 2,2N2,57.5,50.4,62.2,50.8,60.2,52.1,55.5,5.1,0,6,7,13,93.5,False,Robotics Club,True,5.9,False,1,0,29.6,Low
SGS0417,Sec 2,2E1,68.5,45.0,57.2,54.0,66.2,71.4,60.4,10.1,1,7,5,12,94.0,False,Basketball,True,5.6,False,0,0,27.7,Low
SGS0418,Sec 2,2N1,79.0,53.1,39.9,51.9,37.0,61.7,53.8,15.3,2,4,10,14,93.0,False,Band,True,2.4,False,0,1,49.6,Medium
SGS0419,Sec 3,3E1,96.1,86.1,76.4,89.4,80.8,79.2,84.7,7.3,0,0,2,2,99.0,False,Badminton,True,3.0,False,0,0,3.6,Low
SGS0420,Sec 3,3E1,78.4,61.8,60.9,67.1,41.6,62.0,62.0,11.9,1,8,3,11,94.5,False,Art Club,True,5.4,False,0,0,26.5,Low
SGS0421,Sec 3,3E1,66.8,56.8,61.5,52.5,47.2,70.8,59.3,8.9,1,4,8,12,94.0,False,Choir,True,1.0,False,0,0,28.4,Low
SGS0422,Sec 3,3E1,71.6,74.5,98.8,54.2,82.3,66.1,74.6,15.1,0,0,2,2,99.0,False,Student Council,True,3.8,False,0,0,9.9,Low
SGS0423,Sec 1,1N1,80.1,71.4,79.2,78.7,66.8,69.6,74.3,5.7,0,3,3,6,97.0,False,Student Council,True,1.9,True,0,0,10.9,Low
SGS0424,Sec 2,2N1,63.0,76.7,68.6,74.7,57.0,55.2,65.9,9.0,0,1,2,3,98.5,False,Art Club,True,3.3,False,0,0,15.5,Low
SGS0425,Sec 1,1N2,53.4,48.0,74.0,55.2,59.9,63.5,59.0,9.1,1,2,2,4,98.0,False,Debate,True,3.6,False,0,0,26.9,Low
SGS0426,Sec 2,2E2,55.9,56.5,64.0,35.1,76.9,52.9,56.9,13.7,1,1,2,3,98.5,False,Art Club,True,3.5,False,0,0,28.0,Low
SGS0427,Sec 2,2N1,65.0,69.3,74.1,72.4,48.7,86.1,69.3,12.3,1,4,0,4,98.0,False,Basketball,True,3.2,False,0,0,20.5,Low
SGS0428,Sec 4,4N1,59.8,66.3,73.6,63.9,54.0,85.2,67.1,11.0,0,2,2,4,98.0,False,Drama,True,2.4,False,0,0,15.0,Low
SGS0429,Sec 2,2E2,75.3,53.6,92.1,73.2,83.5,58.4,72.7,14.6,0,3,5,8,96.0,False,Band,True,7.4,True,0,0,12.3,Low
SGS0430,Sec 1,1N1,75.8,80.1,58.1,87.3,85.0,57.5,74.0,13.1,0,7,7,14,93.0,False,Band,True,6.8,False,1,0,18.3,Low
SGS0431,Sec 1,1E1,70.4,62.8,77.5,70.8,68.7,69.3,69.9,4.7,0,7,13,20,90.0,False,Environmental Club,True,2.3,False,0,0,16.5,Low
SGS0432,Sec 3,3E1,71.6,62.0,50.8,53.2,44.7,51.2,55.6,9.6,1,6,7,13,93.5,False,Swimming,True,6.4,False,0,0,30.9,Medium
SGS0433,Sec 3,3E2,60.3,73.6,80.4,61.7,92.9,76.3,74.2,12.2,0,4,5,9,95.5,False,Debate,True,3.4,False,0,0,11.6,Low
SGS0434,Sec 1,1N2,60.8,74.6,56.7,61.1,78.9,61.9,65.7,8.9,0,9,4,13,93.5,False,Choir,True,4.2,False,0,0,17.7,Low
SGS0435,Sec 1,1N2,70.6,100.0,76.8,80.9,84.8,83.0,82.7,9.9,0,0,0,0,100.0,False,Badminton,True,3.9,True,1,0,9.9,Low
SGS0436,Sec 3,3E2,37.0,44.5,55.9,57.7,47.7,68.3,51.8,11.1,3,10,4,14,93.0,False,Band,True,3.0,True,1,1,63.3,High
SGS0437,Sec 1,1E2,74.2,70.4,88.0,93.8,74.8,66.9,78.0,10.5,0,6,6,12,94.0,False,Student Council,True,5.5,False,0,0,9.8,Low
SGS0438,Sec 4,4E1,61.5,66.4,75.1,69.2,61.4,75.2,68.1,6.2,0,3,5,8,96.0,False,Band,True,4.2,True,0,0,15.2,Low
SGS0439,Sec 3,3N2,71.1,46.7,46.7,56.1,59.5,51.1,55.2,9.3,2,9,9,18,91.0,False,Choir,True,3.3,False,1,0,44.7,Medium
SGS0440,Sec 1,1N1,63.6,66.9,61.0,51.7,72.0,81.2,66.1,10.0,0,3,4,7,96.5,False,Swimming,True,2.0,False,0,0,16.2,Low
SGS0441,Sec 1,1E1,48.3,68.8,54.7,62.8,67.6,77.3,63.3,10.4,1,4,8,12,94.0,False,Robotics Club,True,2.7,False,2,1,47.4,Medium
SGS0442,Sec 4,4E2,83.1,71.9,55.1,57.0,54.0,65.9,64.5,11.5,0,3,2,5,97.5,False,Basketball,True,1.5,False,1,0,22.3,Low
SGS0443,Sec 2,2N2,77.5,69.5,66.3,68.6,79.3,58.2,69.9,7.7,0,4,3,7,96.5,False,Basketball,True,4.0,False,0,0,13.8,Low
SGS0444,Sec 2,2N1,62.4,72.1,56.7,62.9,59.9,47.5,60.2,8.1,1,5,5,10,95.0,False,Art Club,True,2.2,False,1,0,33.0,Medium
SGS0445,Sec 4,4N1,58.7,51.2,88.4,60.3,68.1,72.2,66.5,13.0,0,2,5,7,96.5,False,Badminton,True,3.6,False,0,0,15.9,Low
SGS0446,Sec 4,4E1,68.7,80.7,85.8,73.5,93.2,80.5,80.4,8.7,0,3,2,5,97.5,False,Band,True,6.1,False,1,0,12.4,Low
SGS0447,Sec 4,4N2,71.2,69.4,64.4,54.6,64.1,86.7,68.4,10.7,0,4,3,7,96.5,False,Swimming,True,5.8,False,0,0,14.8,Low
SGS0448,Sec 3,3N2,75.5,75.3,62.2,77.6,64.5,89.2,74.0,9.8,0,6,4,10,95.0,False,Art Club,True,4.0,True,0,0,11.9,Low
SGS0449,Sec 2,2E2,80.3,44.9,74.9,67.0,56.4,56.2,63.3,13.2,1,1,3,4,98.0,False,Basketball,True,3.9,False,0,0,24.3,Low
SGS0450,Sec 1,1N2,77.5,63.6,86.2,67.9,46.7,52.3,65.7,14.9,1,7,8,15,92.5,False,Band,True,6.8,False,1,0,30.6,Medium
SGS0451,Sec 3,3N2,61.2,71.2,53.4,52.0,69.8,70.5,63.0,8.8,0,1,2,3,98.5,False,Environmental Club,True,4.8,False,0,0,17.3,Low
SGS0452,Sec 3,3E1,41.8,45.3,37.4,68.3,78.3,66.9,56.3,16.9,3,1,1,2,99.0,False,Drama,True,3.5,False,0,0,42.1,Medium
SGS0453,Sec 2,2N2,60.5,54.6,81.0,55.9,40.9,52.2,57.5,13.2,1,7,4,11,94.5,False,Drama,True,1.9,False,0,0,29.3,Low
SGS0454,Sec 4,4N1,30.1,49.8,54.9,46.4,47.7,50.6,46.6,8.6,4,5,5,10,95.0,False,Band,True,4.6,False,0,1,67.1,High
SGS0455,Sec 1,1E1,67.6,75.7,58.8,55.2,71.0,80.5,68.1,9.7,0,5,4,9,95.5,False,Choir,True,5.2,False,0,0,15.4,Low
SGS0456,Sec 2,2E1,64.8,57.8,74.9,50.0,67.8,52.5,61.3,9.6,0,5,3,8,96.0,False,Drama,True,3.1,False,0,0,19.4,Low
SGS0457,Sec 1,1E2,52.6,50.5,34.1,70.4,56.4,62.1,54.4,12.2,1,3,6,9,95.5,False,Debate,True,4.4,False,0,1,41.2,Medium
SGS0458,Sec 2,2N2,57.8,86.8,77.0,88.1,61.0,70.8,73.6,12.7,0,4,6,10,95.0,False,Robotics Club,True,3.5,False,0,0,12.1,Low
SGS0459,Sec 1,1E2,56.5,50.4,57.8,51.2,53.9,55.1,54.2,2.9,0,10,11,21,89.5,False,Robotics Club,True,3.7,False,0,1,36.9,Medium
SGS0460,Sec 1,1N1,44.1,43.5,61.9,44.2,42.1,59.0,49.1,8.8,4,5,8,13,93.5,False,Basketball,True,1.0,False,0,1,66.2,High
SGS0461,Sec 1,1E1,51.2,72.0,56.0,60.7,41.3,67.6,58.1,11.2,1,10,9,19,90.5,False,Art Club,True,3.7,False,0,0,30.6,Medium
SGS0462,Sec 3,3E1,40.8,66.4,73.6,67.5,81.7,61.9,65.3,13.8,1,2,2,4,98.0,False,Student Council,True,5.5,False,1,0,28.5,Low
SGS0463,Sec 3,3E1,74.3,86.7,68.6,64.1,84.4,72.1,75.0,8.9,0,2,6,8,96.0,False,Environmental Club,True,3.1,False,0,0,10.9,Low
SGS0464,Sec 3,3N1,75.2,52.6,63.2,56.1,58.2,74.2,63.2,9.5,0,3,3,6,97.0,False,Band,True,4.1,True,1,0,23.3,Low
SGS0465,Sec 4,4N1,86.4,70.0,64.0,72.8,72.3,75.6,73.5,7.4,0,5,2,7,96.5,False,Band,True,2.9,False,0,0,11.6,Low
SGS0466,Sec 2,2E2,56.3,72.1,59.9,72.5,71.8,71.7,67.4,7.3,0,4,4,8,96.0,False,Robotics Club,True,4.5,False,0,0,15.6,Low
SGS0467,Sec 2,2E2,53.7,59.3,53.0,61.4,62.2,64.8,59.1,4.8,0,5,3,8,96.0,False,Choir,True,3.7,False,0,0,20.8,Low
SGS0468,Sec 4,4E2,72.9,77.6,77.9,54.0,77.5,78.8,73.1,9.6,0,8,4,12,94.0,False,Art Club,True,2.6,False,1,0,18.4,Low
SGS0469,Sec 1,1N2,56.4,67.5,78.1,71.4,63.6,64.9,67.0,7.4,0,1,5,6,97.0,False,Choir,True,6.0,False,0,0,15.4,Low
SGS0470,Sec 4,4E1,51.5,70.2,49.4,47.5,61.9,43.3,54.0,10.1,3,4,6,10,95.0,False,Robotics Club,True,5.4,False,0,1,55.6,Medium
SGS0471,Sec 1,1E1,80.6,90.5,76.5,88.2,76.4,83.1,82.6,5.9,0,3,1,4,98.0,False,Basketball,True,3.1,True,0,0,5.3,Low
SGS0472,Sec 4,4E2,84.5,60.7,60.9,88.0,74.4,85.9,75.7,12.5,0,3,5,8,96.0,False,Badminton,True,4.7,False,0,0,10.4,Low
SGS0473,Sec 1,1E1,55.1,63.2,56.3,72.3,43.7,49.5,56.7,10.1,2,7,2,9,95.5,False,Choir,True,4.8,False,1,0,41.9,Medium
SGS0474,Sec 4,4E2,62.3,58.0,67.0,60.2,67.4,61.0,62.6,3.8,0,2,1,3,98.5,False,Swimming,True,5.0,False,0,0,17.5,Low
SGS0475,Sec 2,2N2,56.3,68.8,94.5,86.5,57.0,66.0,71.5,15.7,0,5,4,9,95.5,False,Debate,True,1.5,False,0,0,13.2,Low
SGS0476,Sec 4,4N2,55.0,65.7,55.3,68.3,57.1,81.9,63.9,10.4,0,2,1,3,98.5,False,Art Club,True,5.5,False,0,0,16.7,Low
SGS0477,Sec 1,1N1,54.5,48.0,74.6,74.5,48.8,64.9,60.9,12.2,2,6,7,13,93.5,False,Band,True,3.1,False,0,0,34.6,Medium
SGS0478,Sec 3,3N2,59.4,68.2,68.9,52.3,45.3,45.0,56.5,10.7,2,4,6,10,95.0,False,Art Club,True,3.5,False,0,0,36.7,Medium
SGS0479,Sec 4,4E2,70.1,64.8,66.9,59.5,82.4,62.5,67.7,8.1,0,2,4,6,97.0,False,Student Council,True,8.0,False,0,0,15.0,Low
SGS0480,Sec 2,2N2,62.5,69.5,91.3,74.8,84.1,70.6,75.5,10.5,0,3,3,6,97.0,False,Basketball,True,4.5,False,1,0,15.7,Low
SGS0481,Sec 3,3N1,80.4,62.9,72.4,68.5,84.9,56.3,70.9,10.7,0,6,5,11,94.5,False,Environmental Club,True,3.4,False,0,0,14.0,Low
SGS0482,Sec 3,3E1,55.5,61.4,65.3,72.2,46.2,59.6,60.0,8.8,1,4,2,6,97.0,False,Band,True,1.0,False,0,0,26.7,Low
SGS0483,Sec 2,2E2,67.1,73.2,70.0,66.5,68.3,66.9,68.7,2.6,0,2,4,6,97.0,False,Art Club,True,6.1,False,0,0,14.4,Low
SGS0484,Sec 3,3E1,30.9,38.9,53.8,51.5,25.7,37.2,39.7,11.1,4,4,1,5,97.5,False,Robotics Club,True,2.0,False,0,1,70.4,High
SGS0485,Sec 3,3N1,46.1,43.8,84.5,79.2,63.6,68.8,64.3,16.7,2,2,0,2,99.0,False,Basketball,True,2.5,False,0,0,30.1,Medium
SGS0486,Sec 4,4N1,56.1,49.2,44.2,46.6,38.3,64.4,49.8,9.2,4,6,10,16,92.0,False,Basketball,True,3.5,False,0,1,66.4,High
SGS0487,Sec 1,1N1,65.6,45.6,48.2,66.3,70.9,57.1,59.0,10.4,2,2,3,5,97.5,False,Band,True,6.1,False,0,0,34.1,Medium
SGS0488,Sec 2,2E1,49.4,51.9,53.3,49.0,48.5,55.2,51.2,2.7,3,9,3,12,94.0,False,Art Club,True,5.2,False,0,1,57.7,Medium
SGS0489,Sec 4,4E1,51.5,38.5,46.0,75.8,61.7,52.7,54.4,13.0,2,6,3,9,95.5,False,Band,True,3.8,False,1,1,53.7,Medium
SGS0490,Sec 4,4E1,75.6,58.1,73.0,45.3,76.7,67.9,66.1,12.2,1,2,4,6,97.0,False,Badminton,True,4.5,False,1,0,28.5,Low
SGS0491,Sec 2,2E1,41.8,71.6,73.0,65.6,80.7,60.7,65.6,13.5,1,5,6,11,94.5,False,Swimming,True,3.1,True,0,0,24.3,Low
SGS0492,Sec 3,3N1,58.6,62.5,62.5,47.8,49.4,67.1,58.0,7.8,2,2,7,9,95.5,False,Art Club,True,4.2,False,0,0,35.5,Medium
SGS0493,Sec 1,1N1,68.7,58.6,63.5,60.0,73.6,64.1,64.8,5.6,0,4,4,8,96.0,False,Debate,True,4.1,False,0,0,17.2,Low
SGS0494,Sec 1,1E2,52.4,71.6,68.7,65.6,76.7,58.9,65.6,8.8,0,6,7,13,93.5,False,Robotics Club,True,5.5,False,0,0,17.8,Low
SGS0495,Sec 2,2E2,64.7,59.9,73.4,78.4,52.3,62.2,65.1,9.4,0,6,11,17,91.5,False,Robotics Club,True,5.5,True,0,0,18.9,Low
SGS0496,Sec 2,2E1,37.3,73.7,31.6,45.5,61.2,61.0,51.7,16.2,3,5,11,16,92.0,False,Badminton,True,4.7,False,0,1,58.2,Medium
SGS0497,Sec 3,3N2,73.8,68.2,66.2,83.7,72.7,69.8,72.4,6.2,0,1,2,3,98.5,False,Band,True,3.5,True,1,0,17.0,Low
SGS0498,Sec 1,1N2,56.8,62.7,62.5,46.9,55.2,61.3,57.6,6.1,1,1,3,4,98.0,False,Choir,True,5.1,False,1,0,33.4,Medium
SGS0499,Sec 4,4N1,32.5,60.2,63.9,63.7,40.7,52.9,52.3,13.1,2,6,1,7,96.5,False,Debate,True,3.9,False,0,1,49.1,Medium
SGS0500,Sec 4,4N1,69.4,75.6,56.0,54.5,50.8,64.4,61.8,9.6,0,4,3,7,96.5,False,Environmental Club,True,2.4,False,0,0,18.9,Low
